Spreading Methods,35.372068,-106.663641,1.629379988,890.5025272,0.045983765,18,18,250,1,0
Spreading Methods,45.945574,-118.410467,0.72343576,1184.378527,0.246398858,21,18,435,1,0
Spreading Methods,-33.918488,151.227858,4.182117939,1088.37479,0.135353826,24,18,1025,1,0
Spreading Methods,46.187,6.166,1.88836658,582.4235229,1.954367319,21,21,1046,1,0
Spreading Methods,45.947697,-118.421937,0.709293067,1184.378527,0.246398858,21,18,429,1,0
Spreading Methods,45.962058,-118.428878,2.010301352,1184.378527,0.16243006,21,21,422,1,0
Spreading Methods,45.993053,-118.423774,1.459699631,1184.378527,0.16243006,21,21,423,1,0
Spreading Methods,37.067979,118.301231,0.145938769,1994.58577,0.888284821,21,21,593,1,0
Spreading Methods,45.76608,-119.265419,0.200068951,1481.945076,0.026606013,21,21,264,1,0
Spreading Methods,34.69983,10.69585,0.674884617,1533.819473,0.044592528,21,18,245,1,0
Spreading Methods,34.519212,58.172951,1.408559322,1174.372688,0.037336225,21,21,153,1,0
Spreading Methods,28.061395,55.877645,1.19660008,1529.705467,0.105844693,27,27,188,1,0
Spreading Methods,36.67929,48.479061,1.613119125,1326.922348,0.416179326,21,21,297,1,0
Spreading Methods,41.31,-4.36,0.248017654,1199.393036,0.064930128,24,18,419,1,0
Spreading Methods,47.57,7.6,1.767945409,393.3622818,0.828722562,21,21,869,1,0
Spreading Methods,47.532,7.7,1.118826389,393.3622818,1.191111709,21,21,921,1,0
Spreading Methods,36.397574,120.113064,0.77050215,1153.48843,1.661145405,21,21,675,1,0
Spreading Methods,52.66,13.26,0.989225626,1186.857731,0.319556644,27,27,587,1,0
Spreading Methods,45.999006,-118.412346,0.267031878,1184.378527,0.16243006,21,21,424,1,0
Spreading Methods,36.883,10.25,0.214361966,1468.253265,0.190974947,18,15,504,1,0
Spreading Methods,28.60562,53.934367,0.493972868,1502.222237,0.164210693,21,21,244,1,0
Spreading Methods,36.928119,55.490798,3.298947096,1573.364243,0.538416915,21,23,307,1,0
Spreading Methods,36.900281,55.474394,3.114084721,1573.364243,0.538416915,21,21,304,1,0
Rainwater and Run-off Harvesting,28.616437,77.197286,0.43034935,1613.158208,1.068662605,21,15,675,1,0
Rainwater and Run-off Harvesting,28.618466,77.212059,1.243341088,1613.158208,1.068662605,21,21,673,1,0
Rainwater and Run-off Harvesting,-34.10332595,-71.83023593,6.256892204,0,0.676343286,18,18,488,1,0
Rainwater and Run-off Harvesting,-7.159392,-78.531114,8.011778831,760.4833603,24.31065168,21,15,1475,1,0
Rainwater and Run-off Harvesting,-19.05245,-65.245929,23.95763397,726.2609005,0.642410043,18,12,788,201,0
Rainwater and Run-off Harvesting,20.701167,77.002079,0.925632298,1220.482838,2.031847867,3,3,829,1,0
Rainwater and Run-off Harvesting,45.792006,-119.45561,1.240553617,1481.945076,0.021099686,21,15,239,1,0
Rainwater and Run-off Harvesting,37.128629,-113.374203,1.086062431,1527.156296,0.083879877,21,21,225,1,0
Rainwater and Run-off Harvesting,-19.88307,-43.975012,8.525940895,1120.626575,1.599443801,9,3,1291,1,0
Rainwater and Run-off Harvesting,-19.84175,-43.956758,5.356289864,1120.626575,1.450205156,18,18,1230,1,0
Rainwater and Run-off Harvesting,-19.84793,-43.92618,2.796724319,1120.626575,1.116969596,18,18,1242,1,0
Rainwater and Run-off Harvesting,-21.978339,-47.8805,4.767458916,1120.5403,2.149339946,7,3,1322,1,0
Rainwater and Run-off Harvesting,-30.076102,-51.114595,5.872659683,530.4566584,2.546783247,18,12,1506,1,0
Rainwater and Run-off Harvesting,-30.076102,-51.114595,5.872659683,530.4566584,2.546783247,18,12,1506,1,0
Rainwater and Run-off Harvesting,28.558582,77.087112,1.075366378,1613.158208,0.944933824,12,15,635,1,0
In-Channel Modification,-1.46194,38.00394,3.283900738,2062.840698,1.069065626,9,5,750,1,0
In-Channel Modification,-25.630232,27.881128,1.170888901,1553.432899,0.461218953,10,5,588,1,0
Spreading Methods,34.89222222,5.7425,0.696634352,1568.215904,0.014273473,27,27,136,1,0
In-Channel Modification,17.821119,78.658174,0.461547941,1313.111958,1.936255616,18,18,873,2,1
In-Channel Modification,38.191138,45.604982,0,1329.775673,0.083438869,21,21,278,1,0
In-Channel Modification,30.325833,50.969885,0.979253352,1255.603359,2.361851047,27,27,432,1,0
In-Channel Modification,35.26982,52.438213,1.612792969,527.3292766,0.034154852,27,27,137,1,0
In-Channel Modification,35.207186,48.724458,0.469094485,1666.607155,0.062600178,21,21,244,1,0
In-Channel Modification,35.399904,51.733348,0.557763577,316.437633,0.033032268,27,27,175,1,0
In-Channel Modification,47.749,7.334,0.46083498,393.3622818,0.686246377,21,21,816,1,0
In-Channel Modification,23.126883,-109.809358,8.516498566,0,0.493888442,15,12,346,1,0
In-Channel Modification,-30.35154626,-66.32171631,0.891359806,1402.764961,0.321331649,24,27,510,1,0
In-Channel Modification,29.468326,-98.516913,0.5841133,475.6311188,1.392112026,12,12,822,1,0
In-Channel Modification,35.138383,-106.557539,0.680112958,890.5025272,0.069753764,20,20,274,1,0
In-Channel Modification,17.803086,-97.849213,1.98146975,1018.364861,2.393149185,12,12,798,1,0
In-Channel Modification,19.287398,-98.87335,0.618056595,1946.52124,2.958994763,12,12,975,1,0
In-Channel Modification,-24.3467283,150.4731092,0.344925135,1555.352127,0.661614109,12,9,601,1,0
In-Channel Modification,-34.7537319,138.7206319,1.875044703,1839.497482,0.108237856,18,18,520,4,0
In-Channel Modification,-23.6945582,147.9385056,0,1982.453659,0.609914448,3,3,528,2,1
In-Channel Modification,-24.858364,151.10663,0.348045379,1622.618004,1.014995675,7,3,666,1,0
In-Channel Modification,-24.819166,151.096769,0.362373263,1622.618004,1.114457692,15,7,664,1,0
In-Channel Modification,-24.893695,151.123261,0.394776255,1622.618004,1.014995675,3,3,642,1,0
In-Channel Modification,-24.979351,151.123473,0.300421357,1622.618004,0.896706975,5,3,614,1,0
In-Channel Modification,-25.0189,151.092984,0.697026312,1841.774429,0.896706975,15,10,626,1,0
In-Channel Modification,-27.4975507,152.3359946,3.248001337,1795.369003,1.179808694,18,9,741,1,0
In-Channel Modification,-27.6283761,152.3785385,0.846507967,1795.369003,1.223906482,11,3,739,1,0
In-Channel Modification,-27.526693,152.374924,0.209176555,1795.369003,1.241801045,3,3,739,1,0
In-Channel Modification,-27.518374,152.405378,0.38345769,1795.369003,1.241801045,3,3,735,1,0
In-Channel Modification,-27.492619,152.437705,0.257427454,1795.369003,1.241801045,3,3,745,1,0
In-Channel Modification,-27.592346,152.142102,2.137122631,1795.369003,0.78456733,15,6,710,1,0
In-Channel Modification,-27.753397,152.3724,1.501875043,1795.369003,1.446610168,18,10,751,1,0
In-Channel Modification,-27.560482,152.256897,1.917385221,1795.369003,1.265458755,14,3,726,1,0
In-Channel Modification,-27.575796,152.216674,0.174392521,1795.369003,1.3201867,15,10,720,1,0
In-Channel Modification,-27.571747,152.156704,0.980891347,1795.369003,1.3201867,18,12,714,1,0
In-Channel Modification,-27.656814,152.161344,2.815980673,1795.369003,0.750384637,18,12,698,1,0
In-Channel Modification,-27.637178,152.331268,0.454714805,1795.369003,1.265458755,15,9,740,1,0
In-Channel Modification,-27.593005,152.235815,0.797323406,1795.369003,1.3201867,3,3,720,1,0
In-Channel Modification,-21.1971234,148.893793,1.69547236,1303.595192,3.898249652,18,18,1145,1,0
In-Channel Modification,35.213283,107.349539,16.85482407,1266.971817,0.549779988,21,21,517,1,0
In-Channel Modification,27.333514,76.218212,2.687969446,1415.593109,0.949824703,14,12,636,1,0
In-Channel Modification,27.328641,76.224669,1.780614614,1415.593109,0.949824703,16,12,636,1,0
In-Channel Modification,18.565496,73.576591,1.346103311,1103.062883,4.298141704,9,3,1832,1,0
In-Channel Modification,27.21825,76.195665,1.712957978,1415.593109,0.797788399,18,12,570,1,0
In-Channel Modification,27.255127,76.219031,3.099731207,1415.593109,0.949824703,16,12,601,1,0
In-Channel Modification,27.155505,76.224218,1.075216293,1415.593109,0.797788399,14,12,592,1,0
In-Channel Modification,11.017903,77.185017,1.513840199,897.7096272,0.850974564,16,12,771,1,0
In-Channel Modification,27.264041,76.163959,0.543656945,1415.593109,0.949824703,17,12,559,1,0
In-Channel Modification,27.140253,76.201294,2.116291285,1415.593109,0.77025127,16,12,578,1,0
In-Channel Modification,13.519922,79.020965,1.308565736,1054.362186,0.73869283,12,12,745,2,1
In-Channel Modification,31.635948,54.345453,1.127547979,1767.581726,0.02792179,27,27,116,1,0
In-Channel Modification,31.605405,54.333416,2.271537542,1767.581726,0.02792179,27,27,115,1,0
In-Channel Modification,31.49373,54.435217,1.871508479,1767.581726,0.117826431,27,27,108,1,0
In-Channel Modification,34.155909,-117.922022,3.378900528,2077.945999,0.772117234,21,20,367,1,0
In-Channel Modification,34.13933,-117.710946,2.166329384,2077.945999,0.713524808,20,14,376,1,0
Rainwater and Run-off Harvesting,31.56806,35.80444,5.051402569,1073.733898,0.025111249,21,21,190,1,0
In-Channel Modification,21.567778,-100.021111,3.335375071,1152.180374,0.734973325,14,12,808,1,0
In-Channel Modification,15.38153,44.331205,2.930412292,1497.322701,0.074115712,19,18,229,1,0
In-Channel Modification,40.426251,116.984759,0.502785325,580.3705902,0.91673357,21,21,504,1,0
In-Channel Modification,34.780507,117.325604,4.341920853,1023.526077,1.621461228,21,18,795,1,0
In-Channel Modification,36.645926,116.862777,0.654850006,1842.108177,1.034825662,21,21,637,1,0
In-Channel Modification,35.062794,116.131964,0.313355863,1454.825912,1.674006874,24,21,694,1,0
In-Channel Modification,34.212734,108.73481,0.45693776,1157.061573,1.915632558,21,21,672,2,1
In-Channel Modification,13.545506,79.304971,1.822066426,1054.362186,0.974781567,12,12,834,1,0
In-Channel Modification,28.530088,77.173517,3.366008759,1613.158208,1.087759447,12,15,672,1,0
In-Channel Modification,17.124582,78.418538,0.30916065,1313.111958,1.419834466,18,18,757,1,0
In-Channel Modification,17.165704,78.447879,1.163438797,1313.111958,1.10989177,16,12,720,2,1
In-Channel Modification,13.481932,79.043898,1.573430061,1054.362186,0.73869283,14,12,727,1,0
In-Channel Modification,13.322428,80.044002,0.181604132,0,1.606489031,18,18,1060,1,0
In-Channel Modification,17.15206,78.45741,0.833599389,1313.111958,1.165836276,18,18,730,2,1
In-Channel Modification,36.076362,55.641625,1.574013591,1573.364243,0.036870768,27,27,131,1,0
In-Channel Modification,36.404847,55.625878,3.13101697,1573.364243,0.022314693,27,27,152,1,0
In-Channel Modification,23.139653,57.235907,0.34006846,0,0.105400942,27,27,112,1,0
In-Channel Modification,23.59447,57.92953,0.674632251,0,0.010324204,31,27,98,1,0
In-Channel Modification,23.618534,57.675628,0.372903764,0,0.007236457,27,27,96,1,0
In-Channel Modification,23.616123,57.790212,1.012632728,0,0.008717267,27,27,98,1,0
In-Channel Modification,23.955932,57.013136,0.928026557,0,0.00985335,33,34,81,1,0
In-Channel Modification,24.210171,56.731968,0.216414943,1339.593826,0.016309401,27,27,87,1,0
In-Channel Modification,24.264643,56.73214,0.275335759,1339.593826,0.007456756,36,36,85,1,0
In-Channel Modification,22.526575,59.459444,0.958318055,0,0.088907718,27,27,84,1,0
In-Channel Modification,22.461952,59.338049,2.063112259,0,0.281065261,33,34,99,1,0
In-Channel Modification,23.058707,57.469183,24.42564774,0,0.142318871,27,24,119,1,0
In-Channel Modification,23.955932,57.013136,0.928026557,0,0.00985335,33,34,81,1,0
In-Channel Modification,24.312339,56.516248,0.459656954,1339.593826,0.026824597,33,34,95,1,0
In-Channel Modification,25.590003,45.585775,0.296627998,1384.652672,0.008910666,36,36,137,1,0
In-Channel Modification,25.143502,46.240481,1.402685404,1481.519493,0.011090678,33,33,121,1,0
In-Channel Modification,12.38472,79.60173,0.80439508,926.936985,1.872360412,18,18,1050,1,0
In-Channel Modification,10.770063,76.37837,1.981856823,792.4470711,3.814057207,16,12,2279,1,0
In-Channel Modification,12.631261,79.056774,4.905318737,926.936985,2.062686396,18,18,980,1,0
In-Channel Modification,11.410759,76.699497,5.250672817,756.7132242,7.756177349,12,12,1501,1,0
In-Channel Modification,34.841013,138.1081,14.54737377,127.3694029,5.940417607,12,12,2135,1,0
In-Channel Modification,36.638522,127.346757,1.495081544,652.59655,2.761052526,21,21,1110,1,0
In-Channel Modification,45.7214,11.6934,0.788278222,339.9189167,2.813251455,21,15,1104,1,0
In-Channel Modification,-9.07306,-40.23522,1.647519946,1505.197731,0.413185909,18,18,466,1,0
In-Channel Modification,-9.803995,-40.959114,0.19814454,1505.197731,0.445600485,18,18,419,1,0
In-Channel Modification,-8.803995,-39.959114,8.836544991,1568.763718,0.462843456,18,18,431,1,0
In-Channel Modification,-7.803995,-38.959114,1.502616048,1283.573849,0.850231401,24,18,594,1,0
In-Channel Modification,-6.803995,-37.959114,0.092749953,1239.916817,0.947147489,18,18,668,1,0
In-Channel Modification,-7.57382,-40.25341,1.716289043,1519.673386,1.610371061,18,12,738,1,0
In-Channel Modification,-8.069863,-39.328154,1.793655992,1568.763718,0.633987401,21,18,532,1,0
In-Channel Modification,-10.47258,-40.08251,1.741160989,1492.431824,0.439110942,24,18,624,1,0
In-Channel Modification,-7.476338,-47.84705,0.905131102,915.5435543,0.507677584,18,18,1669,1,0
In-Channel Modification,-7.915354,-40.08788,0.16787228,1519.673386,0.802996379,18,18,544,1,0
In-Channel Modification,-7.15178,-35.847647,4.33324194,1645.587395,0.375544711,18,9,702,201,0
In-Channel Modification,-8.916656,-44.7091,0.460241467,1264.90115,2.650109582,18,18,975,1,0
In-Channel Modification,-8.936914,-46.1898,0.333542317,996.8456974,2.483785633,18,18,1162,1,0
In-Channel Modification,-6.23119,-38.00017,1.901678085,1521.172203,1.105237971,24,18,681,1,0
In-Channel Modification,-6.260875,-37.81138,2.838860035,1239.916817,0.713276796,18,18,752,1,0
In-Channel Modification,-7.22381,-37.2532,2.114527464,1401.794067,0.632644478,24,18,591,1,0
In-Channel Modification,-7.1541,-37.1334,0.627441406,1401.794067,0.518898551,21,18,495,1,0
In-Channel Modification,-10.11667,-39.0667,1.889425039,1581.45388,0.175293308,18,18,460,1,0
In-Channel Modification,-24.0413066,-48.97499,1.373470545,1166.859997,1.7891319,9,3,1268,1,0
In-Channel Modification,-8.65,-41.16667,1.111344814,1243.65884,0.534392547,24,18,511,1,0
In-Channel Modification,-7.347735,-35.872607,18.00280762,1645.587395,0.245713147,18,18,582,201,0
In-Channel Modification,-7.34714,-35.887999,9.42889595,1645.587395,0.245713147,18,18,591,201,0
In-Channel Modification,-6.524552,-36.373584,3.549085855,1245.594553,0.280339996,24,18,409,1,0
In-Channel Modification,-11.46667,-40.2,2.758268833,1579.125427,0.367312079,18,18,641,1,0
In-Channel Modification,-11.46667,-40.2333,1.734775543,1579.125427,0.367312079,24,18,643,200,0
In-Channel Modification,-10.76667,-40.05,0.378896683,1492.431824,0.404854308,24,18,621,1,0
In-Channel Modification,-7.9,-40.25,1.427470684,1519.673386,0.843576205,21,18,555,1,0
In-Channel Modification,-11.46667,-40.7,7.315022469,1579.125427,0.391094754,18,9,683,1,0
In-Channel Modification,-4.91667,-38.5167,2.708350182,1210.652283,0.216695972,24,18,732,1,0
In-Channel Modification,-9.068,-40.328,0.623746634,1505.197731,0.414166239,18,18,490,1,0
In-Channel Modification,-8.069837,-39.32563,1.500783801,1568.763718,0.633987401,24,18,532,1,0
In-Channel Modification,-7.068088,-38.32788,5.974301338,1283.573849,1.024281278,18,16,785,1,0
In-Channel Modification,-6.068088,-37.32788,0.99117595,1239.916817,0.902657374,24,18,643,1,0
In-Channel Modification,-6.37308,-37.21417,1.795218825,1239.916817,0.640361117,24,18,617,1,0
In-Channel Modification,-6.81102,-49.270978,0.637651384,1023.66338,8.680378068,18,18,1735,1,0
In-Channel Modification,-6.34196,-37.21473,0.825889289,1239.916817,0.685709625,24,18,610,1,0
In-Channel Modification,-6.33115,-37.20542,1.467458844,1239.916817,0.685709625,24,18,614,1,0
In-Channel Modification,-6.32229,-37.22113,1.359286904,1239.916817,0.685709625,24,18,596,1,0
In-Channel Modification,-6.4053,-37.23023,1.437838674,1239.916817,0.640361117,21,18,598,1,0
In-Channel Modification,-6.45574,-37.24519,1.342202783,1239.916817,0.621046187,24,18,585,1,0
In-Channel Modification,-24.047689,-48.870614,8.341485977,1166.859997,2.096325906,9,3,1175,1,0
In-Channel Modification,-6.8967,-35.8009,2.399603367,1393.83519,0.631044525,24,18,733,1,0
In-Channel Modification,-6.7856,-35.7607,2.626841307,1393.83519,0.576651548,18,18,717,1,0
In-Channel Modification,-5.41557,-37.3746,0.416963249,1432.2966,0.588358566,18,11,622,1,0
In-Channel Modification,-6.2118,-36.41419,0.552439153,1245.594553,0.387546086,24,18,459,1,0
In-Channel Modification,-25.078805,-49.270172,23.27517319,616.7973671,2.217889125,12,3,1459,1,0
In-Channel Modification,-24.0493718,-48.883994,0.749482751,1166.859997,2.096325906,3,3,1181,1,0
In-Channel Modification,-24.0447091,-48.916656,7.066035271,1166.859997,2.096325906,3,3,1270,1,0
In-Channel Modification,-6.78083,-35.75722,3.418308496,1393.83519,0.576651548,18,18,739,1,0
In-Channel Modification,-6.78083,-35.75722,3.418308496,1393.83519,0.576651548,18,18,739,1,0
In-Channel Modification,-6.78083,-35.75722,3.418308496,1393.83519,0.576651548,18,18,739,1,0
In-Channel Modification,-7.13384,-35.90199,3.342390776,1645.587395,0.385160517,24,18,632,201,0
In-Channel Modification,-9.8731,-40.23717,1.297922492,1505.197731,0.287136278,24,18,394,1,0
In-Channel Modification,-9.069175,-40.328099,0.330998003,1505.197731,0.414166239,18,18,490,1,0
In-Channel Modification,-9.068088,-40.32788,0.623746634,1505.197731,0.414166239,18,18,490,1,0
In-Channel Modification,-9.067192,-40.327736,0.785079122,1505.197731,0.414166239,18,18,490,1,0
In-Channel Modification,-9.069863,-40.328154,0.742618978,1505.197731,0.414166239,21,18,490,1,0
In-Channel Modification,-24.0446051,-48.91742,11.10450268,1166.859997,2.096325906,3,3,1238,1,0
In-Channel Modification,-1.46194,38.00394,3.283900738,2062.840698,1.069065626,9,5,750,1,0
In-Channel Modification,-1.46194,38.00394,3.283900738,2062.840698,1.069065626,9,5,750,1,0
In-Channel Modification,-1.45665,38.00079,0.948576331,2062.840698,1.069065626,12,5,750,1,0
In-Channel Modification,-1.45557,38.00053,2.287890434,2062.840698,1.069065626,12,5,750,1,0
In-Channel Modification,-1.45142,37.99972,2.059943676,1659.207939,1.069065626,15,5,754,1,0
In-Channel Modification,-1.449857,38.00249,1.578043938,2062.840698,1.023985788,12,3,752,1,0
In-Channel Modification,-1.34344,37.98505,1.619772792,1659.207939,0.885247467,15,9,784,1,0
In-Channel Modification,-1.37143,37.98888,2.545824528,1659.207939,1.023985788,12,9,777,1,0
In-Channel Modification,-1.36987,37.96826,2.178442955,1659.207939,1.023985788,9,3,767,1,0
In-Channel Modification,-34.418697,19.234465,0.42895183,1645.798584,0.307335999,18,18,543,1,0
In-Channel Modification,37.068383,117.694767,0.216413468,1525.075771,1.140339969,21,21,590,1,0
In-Channel Modification,39.703593,116.158776,0,1237.827614,0.805301704,21,21,530,1,0
In-Channel Modification,35.213283,107.349539,16.85482407,1266.971817,0.549779988,21,21,517,1,0
In-Channel Modification,38.476994,102.286657,0.450308889,954.0964432,0.027879049,27,27,154,1,0
In-Channel Modification,36.999577,107.999626,8.327142715,1811.438904,0.492378991,21,21,458,1,0
In-Channel Modification,12.190454,79.251187,1.52622211,926.936985,1.575895711,18,18,987,1,0
In-Channel Modification,13.974516,39.410441,2.85806489,1110.047868,11.75117821,12,12,908,1,0
In-Channel Modification,40.426251,116.984759,0.502785325,580.3705902,0.91673357,21,21,504,1,0
In-Channel Modification,36.11972,120.546267,1.303801298,1153.48843,1.673081168,21,21,619,1,0
In-Channel Modification,37.034389,118.435146,0.353997618,1994.58577,0.923161481,21,21,604,1,0
In-Channel Modification,37.909021,102.647167,1.123814702,1185.176147,0.04218499,21,21,203,1,0
In-Channel Modification,37.585192,105.124609,0.419133067,2021.05719,0.058067362,21,24,184,1,0
In-Channel Modification,33.935532,-112.698988,0.622778535,1979.137436,0.158440619,21,15,260,1,0
In-Channel Modification,-34.05,-71.3,15.55926228,0,0.835120198,21,18,454,1,0
In-Channel Modification,-24.366833,150.613771,5.382469654,1555.352127,0.689373118,15,12,622,1,0
In-Channel Modification,-24.417232,150.772157,1.410404563,1555.352127,0.180971289,9,3,643,1,0
In-Channel Modification,30.4703,-8.877,0.455985099,1589.028198,0.091841459,21,21,231,1,0
In-Channel Modification,-23.863168,29.440344,0.37172398,1489.139519,0.374928821,18,18,489,1,0
In-Channel Modification,16.964935,-96.578188,0.600717127,1136.773975,1.40443634,12,12,714,1,0
Spreading Methods,-8.403055,-37.815,3.057313204,1453.76725,0.063641053,24,18,425,1,0
Spreading Methods,12.00012,8.51672,0.403241724,1203.862308,0.156889032,18,18,794,1,0
Spreading Methods,41.67,2.76,0.843153596,987.5375671,0.704464521,21,21,644,1,0
Spreading Methods,55.97764,12.01767,0.66303432,0,0.132920009,27,27,642,1,0
Spreading Methods,51.065,13.791,6.749413967,1260.570492,0.502903349,21,21,671,1,0
Rainwater and Run-off Harvesting,24.0277202,-104.6531759,0.337511897,922.1613312,0.286990089,12,12,500,1,0
Rainwater and Run-off Harvesting,-31.4062,-64.1803,0.061827045,534.001585,1.626298693,24,24,800,1,0
Spreading Methods,37.04,-6.18,0.030916331,738.5676727,0.485955078,12,12,532,1,0
Spreading Methods,38.78,-0.08,8.096115112,1225.891014,0.435661738,12,12,487,1,0
Spreading Methods,35.62375,116.849918,0.380337268,1454.825912,1.55623746,21,21,705,2,1
Spreading Methods,38.960491,116.033721,0.039759696,1323.732609,0.375260656,21,21,507,201,0
Spreading Methods,38.952347,116.026828,0.320479542,1323.732609,0.375260656,21,21,507,201,0
Spreading Methods,40.1139,116.713155,0.466592252,580.3705902,0.936770983,21,15,538,2,1
Spreading Methods,39.641662,116.169693,0.287757635,1237.827614,0.856762434,21,21,527,1,0
Spreading Methods,39.703593,116.158776,0,1237.827614,0.805301704,21,21,530,1,0
Spreading Methods,39.641662,116.169693,0.287757635,1237.827614,0.856762434,21,21,527,1,0
Spreading Methods,42.154363,123.414125,0.101692863,1341.425529,2.347588156,21,21,616,1,0
Spreading Methods,38.94355,115.373177,0,1315.738373,0.867567139,21,21,505,1,0
Spreading Methods,38.895246,115.259762,0.319204926,1315.738373,0.843550086,21,21,512,1,0
Spreading Methods,35.013485,112.784603,0.198609576,1009.4249,0.588320244,21,21,570,1,0
Spreading Methods,36.945175,118.101882,0.364676476,1691.969021,0.910020632,21,21,597,1,0
Spreading Methods,37.086911,118.484859,0.367106378,1994.58577,0.909957584,21,21,598,1,0
Spreading Methods,36.630317,117.02111,11.39075375,1488.746044,1.095047249,21,21,648,1,0
Spreading Methods,34.939029,116.241001,0.461225569,1274.767014,1.673227712,23,22,698,1,0
Spreading Methods,39.829667,116.248785,0.304554224,1237.827614,0.801052749,21,21,533,1,0
Spreading Methods,39.829667,116.248785,0.304554224,1237.827614,0.801052749,21,21,533,1,0
Spreading Methods,35.678951,107.670036,1.297616959,1266.971817,0.610952922,21,21,560,1,0
Spreading Methods,-5.898202,-35.178925,0.44079864,0,0.671751235,24,18,1115,1,0
Rainwater and Run-off Harvesting,28.544442,77.189911,0.30916065,1613.158208,1.087759447,21,15,666,1,0
Rainwater and Run-off Harvesting,28.539627,77.199708,0.21926038,1613.158208,1.087759447,21,15,665,1,0
Rainwater and Run-off Harvesting,39.897832,116.447768,0.812604904,1237.827614,0.796754854,21,21,545,1,0
Rainwater and Run-off Harvesting,28.617181,77.102104,0.105657384,1613.158208,0.944933824,18,18,644,1,0
Rainwater and Run-off Harvesting,-34.893601,138.576503,0.244435474,1839.497482,0.08931685,21,18,497,1,0
Rainwater and Run-off Harvesting,24.62021,88.349924,0.511220396,1467.788766,4.663665932,15,12,1446,1,0
Rainwater and Run-off Harvesting,39.924655,116.300799,0.174345464,1237.827614,0.763672297,21,21,534,1,0
Rainwater and Run-off Harvesting,39.911143,116.32965,0.469530165,1237.827614,0.763672297,21,21,534,1,0
Rainwater and Run-off Harvesting,31.154511,121.804596,0.072253272,362.5392399,6.055738597,21,21,1113,1,0
Rainwater and Run-off Harvesting,31.187215,121.361352,0.147825867,362.5392399,3.097552304,21,15,1128,1,0
Rainwater and Run-off Harvesting,51.543198,-0.012311,0.679804683,1144.975782,0.526238807,21,21,646,1,0
Rainwater and Run-off Harvesting,39.076649,117.213038,0.340075999,1464.800835,1.313168826,21,21,559,1,0
Rainwater and Run-off Harvesting,30.667544,104.092139,1.018104434,839.6597061,2.707276233,18,15,980,201,0
Rainwater and Run-off Harvesting,28.482658,77.161292,0.116402343,1613.158208,1.087759447,21,21,657,1,0
Rainwater and Run-off Harvesting,28.599887,77.342803,0.449932545,1613.158208,1.04214028,21,18,701,1,0
Rainwater and Run-off Harvesting,28.568671,77.229407,0.04685396,1613.158208,1.068662605,12,12,669,1,0
Rainwater and Run-off Harvesting,28.597954,77.204894,0.213524118,1613.158208,1.068662605,21,15,672,1,0
Rainwater and Run-off Harvesting,28.592755,77.22261,0.520263195,1613.158208,1.068662605,21,21,672,1,0
Rainwater and Run-off Harvesting,28.233324,76.803775,0.208802208,1410.850534,0.964177342,15,12,566,1,0
Rainwater and Run-off Harvesting,28.532686,77.141672,0.278909713,1613.158208,0.993987392,12,15,662,1,0
Rainwater and Run-off Harvesting,28.512625,77.248695,0.915222585,1613.158208,1.087759447,21,15,682,1,0
Rainwater and Run-off Harvesting,28.641761,77.191504,0.9982934,1613.158208,1.068662605,12,12,684,1,0
Rainwater and Run-off Harvesting,28.630862,77.093942,0.116472557,1613.158208,0.944933824,15,15,644,1,0
Rainwater and Run-off Harvesting,28.620621,77.28724,0.142321408,1613.158208,1.04214028,15,15,689,1,0
Rainwater and Run-off Harvesting,28.562541,77.266554,0.73980999,1613.158208,1.04214028,18,12,686,1,0
Rainwater and Run-off Harvesting,28.589929,77.250827,0.538330674,1613.158208,1.04214028,21,21,678,1,0
Rainwater and Run-off Harvesting,28.586543,77.180794,0.123663381,1613.158208,1.068662605,18,15,672,1,0
Rainwater and Run-off Harvesting,28.564685,77.153755,1.837222457,1613.158208,1.068662605,12,12,670,1,0
Rainwater and Run-off Harvesting,28.517881,77.077429,0.355709344,1613.158208,0.993987392,21,18,636,1,0
Rainwater and Run-off Harvesting,28.422209,76.993908,0.322363466,1410.850534,0.949520692,12,12,607,1,0
Rainwater and Run-off Harvesting,-7.453025,-44.7798,2.335652113,1233.961422,0.300700617,18,18,1035,1,0
Rainwater and Run-off Harvesting,36.630561,117.020692,6.699755669,1488.746044,1.095047249,21,21,648,1,0
Rainwater and Run-off Harvesting,36.616178,116.965843,7.110814095,1842.108177,1.095047249,21,21,645,1,0
Rainwater and Run-off Harvesting,36.611064,116.962778,6.115531921,1842.108177,1.095047249,21,21,653,1,0
"Well, Shaft and Borehole Recharge",35.269552,-106.669859,4.100868702,890.5025272,0.063919648,18,18,239,1,0
"Well, Shaft and Borehole Recharge",43.20966004,2.440985933,2.924092054,1242.986866,0.59613899,21,21,699,1,0
"Well, Shaft and Borehole Recharge",34.900454,5.756197,0.454520494,1568.215904,0.014425074,27,27,136,1,0
"Well, Shaft and Borehole Recharge",33.423801,10.36589,0.926493347,0,0.020133416,33,33,169,1,0
"Well, Shaft and Borehole Recharge",45.615,11.337,0.98843056,339.9189167,2.506382988,18,12,1014,1,0
"Well, Shaft and Borehole Recharge",45.698,11.523,0.35411787,339.9189167,3.022977019,21,15,1108,1,0
"Well, Shaft and Borehole Recharge",45.698,11.523,0.35411787,339.9189167,3.022977019,21,15,1108,1,0
"Well, Shaft and Borehole Recharge",45.698,11.523,0.35411787,339.9189167,3.022977019,21,15,1108,1,0
"Well, Shaft and Borehole Recharge",-30.953936,19.443363,0.611942351,1518.313858,0.035586856,27,27,193,1,0
"Well, Shaft and Borehole Recharge",-33.222633,22.029932,2.379563808,1182.592484,0.077468811,18,18,239,1,0
"Well, Shaft and Borehole Recharge",-29.5,22,0.776650786,1039.959991,0.067868353,29,27,232,1,0
"Well, Shaft and Borehole Recharge",40.334697,-74.275669,1.805358171,271.7095462,0.498816966,27,27,1126,1,0
"Well, Shaft and Borehole Recharge",47.922272,-122.097433,0.646594286,0,2.36863641,21,21,1312,1,0
"Well, Shaft and Borehole Recharge",41.775012,123.440514,0.061831761,1176.755276,2.567447437,21,21,672,1,0
"Well, Shaft and Borehole Recharge",13.999498,100.573651,0.262292176,1047.759557,2.176838238,3,3,1295,1,0
"Well, Shaft and Borehole Recharge",31.701073,-106.455753,3.809848785,1509.733009,0.019351252,18,18,190,1,0
"Well, Shaft and Borehole Recharge",28.592926,77.219645,0.330184966,1613.158208,1.068662605,18,15,672,1,0
"Well, Shaft and Borehole Recharge",42.236392,-121.564956,0.250059962,884.328325,0.316483711,21,21,300,1,0
"Well, Shaft and Borehole Recharge",45.7807,12.2195,0.216185719,254.9738741,2.106441182,21,15,1060,1,0
"Well, Shaft and Borehole Recharge",12.983333,77.583333,1.38508153,1181.722031,1.282779594,16,12,857,1,0
"Well, Shaft and Borehole Recharge",30.704088,-112.140627,0.416127741,2159.483505,0.101116035,16,14,237,1,0
"Well, Shaft and Borehole Recharge",21.890999,-102.293428,0.723817647,1190.168922,0.300164289,12,12,514,1,0
"Well, Shaft and Borehole Recharge",-22.333333,-60.0166667,0.162714377,1189.719387,1.544472185,21,18,879,1,0
"Well, Shaft and Borehole Recharge",-22.561459,17.07356,3.408247948,1413.721756,1.094516169,21,18,418,1,0
"Well, Shaft and Borehole Recharge",52.404789,-107.239452,0.921001077,1089.090689,0.395870019,27,27,365,1,0
"Well, Shaft and Borehole Recharge",39.913323,116.494904,0.369046628,1237.827614,0.932083221,21,21,543,1,0
"Well, Shaft and Borehole Recharge",39.966394,116.319983,0.375370175,1237.827614,0.84526022,21,21,529,1,0
"Well, Shaft and Borehole Recharge",39.934926,116.204792,0.469676495,1237.827614,0.815654536,21,21,523,1,0
"Well, Shaft and Borehole Recharge",39.99876,116.338755,0.322859913,1237.827614,0.84526022,21,21,526,1,0
"Well, Shaft and Borehole Recharge",40.02154,116.264289,1.150145054,580.3705902,0.84526022,21,21,518,201,0
"Well, Shaft and Borehole Recharge",44.23826135,4.713302401,0.30160448,469.7368593,1.383432472,18,15,825,1,0
"Well, Shaft and Borehole Recharge",36.84,-5.83,6.141796112,1525.149502,1.003341054,12,12,564,1,0
"Well, Shaft and Borehole Recharge",52.143753,-106.475703,2.367273808,1230.31871,0.360051147,27,25,378,1,0
"Well, Shaft and Borehole Recharge",31.187937,121.452034,2.330253363,362.5392399,4.422564671,20,12,1139,1,0
"Well, Shaft and Borehole Recharge",36.344002,114.225621,3.112221241,1134.024502,0.708354644,21,21,571,1,0
"Well, Shaft and Borehole Recharge",31.944596,-106.364348,0.811122656,1509.733009,0.052677004,16,14,198,1,0
"Well, Shaft and Borehole Recharge",33.693724,-117.945191,0.372847229,1999.478691,0.376179053,21,21,267,1,0
"Well, Shaft and Borehole Recharge",38.014659,-97.565488,0.25947684,491.3755569,1.305334716,21,20,830,1,0
"Well, Shaft and Borehole Recharge",38.014659,-97.565488,0.25947684,491.3755569,1.305334716,21,20,830,1,0
"Well, Shaft and Borehole Recharge",45.001552,-123.5132,9.830575943,1638,2.041969356,18,12,1613,1,0
"Well, Shaft and Borehole Recharge",34.473909,-91.417933,0.264330059,383.236541,2.870249183,24,17,1319,1,0
"Well, Shaft and Borehole Recharge",19.2826098,-99.6556653,1.160570145,1729.819374,2.708537015,12,12,1102,1,0
"Well, Shaft and Borehole Recharge",-16.7265,-49.2953,1.024349332,1079.078016,2.054501508,10,6,1443,1,0
"Well, Shaft and Borehole Recharge",-16.67698,-49.241,2.879373312,1079.078016,2.243581444,12,12,1492,1,0
"Well, Shaft and Borehole Recharge",-15.62388,-47.762485,2.369646311,938.924408,2.401309437,3,3,1348,1,0
"Well, Shaft and Borehole Recharge",33.693905,-117.967179,0.037158579,1999.478691,0.347974818,21,18,257,1,0
"Well, Shaft and Borehole Recharge",5.480602,7.545783,1.90923357,486.0472419,0.698261839,24,18,2105,1,0
"Well, Shaft and Borehole Recharge",34.180459,108.92807,4.269320965,1157.061573,1.569500331,21,21,677,1,0
"Well, Shaft and Borehole Recharge",37.108194,118.366194,0.129599124,1994.58577,0.896103471,21,21,591,1,0
"Well, Shaft and Borehole Recharge",34.226908,108.984018,2.686434984,1157.061573,1.446142708,21,21,655,1,0
"Well, Shaft and Borehole Recharge",31.224325,121.508677,0.438031256,362.5392399,4.422564671,12,12,1138,1,0
"Well, Shaft and Borehole Recharge",34.322784,108.931544,1.043011427,1157.061573,0.996278136,21,21,622,1,0
"Well, Shaft and Borehole Recharge",34.790017,114.275198,0.340214133,1380.7635,1.022033067,21,21,635,1,0
"Well, Shaft and Borehole Recharge",31.238924,121.453504,2.64928937,362.5392399,4.422564671,20,16,1152,1,0
"Well, Shaft and Borehole Recharge",31.228822,121.528131,0.154581442,362.5392399,4.422564671,19,12,1133,1,0
"Well, Shaft and Borehole Recharge",40.073906,109.80943,7.363586426,1779.114883,0.321284617,27,27,326,1,0
"Well, Shaft and Borehole Recharge",11.735055,79.52805,1.125851393,941.4271336,1.394251997,18,12,1119,1,0
"Well, Shaft and Borehole Recharge",11.662141,79.406449,0.714261711,941.4271336,1.340411979,18,18,1099,1,0
"Well, Shaft and Borehole Recharge",-30.35154626,-66.32171631,0.891359806,1402.764961,0.321331649,24,27,510,1,0
"Well, Shaft and Borehole Recharge",14.081453,100.601654,0.383174568,1142.669416,2.063463649,3,3,1314,1,0
Spreading Methods,40.425598,-74.335355,1.054567099,271.7095462,2.841420009,23,27,1088,1,0
Spreading Methods,40.385622,-74.309219,0.933169663,271.7095462,2.841420009,27,27,1105,1,0
Spreading Methods,46.255101,-119.264761,0,1638.530487,0.023270123,21,21,203,1,0
Spreading Methods,34.279271,-119.142216,1.142876506,1133.816658,0.643022318,18,15,324,1,0
Spreading Methods,34.032992,-118.068758,0.606045008,1250.440651,0.566128872,12,15,342,1,0
Spreading Methods,33.42888,-111.678445,1.388656974,1741.476715,0.1075247,18,21,269,1,0
Spreading Methods,39.983723,-74.613484,1.826718688,256.6340939,1.703588693,27,27,1106,1,0
Spreading Methods,33.978323,-116.972362,2.879636288,1812.297668,0.344952637,24,27,355,1,0
Spreading Methods,34.154521,-117.399334,1.602241278,2077.945999,0.40287847,24,21,350,1,0
Spreading Methods,34.099597,-117.118445,3.317820311,2077.945999,0.281681192,24,27,332,1,0
Spreading Methods,37.082515,-113.567102,0.656727731,1527.156296,0.076474793,21,21,207,1,0
Spreading Methods,34.060761,-117.711076,1.002091646,2077.945999,0.713524808,21,21,364,2,1
Spreading Methods,34.10363,-117.696148,1.359916449,2077.945999,0.713524808,20,18,380,1,0
Spreading Methods,34.087024,-117.702081,3.338136196,2077.945999,0.713524808,21,23,378,1,0
Spreading Methods,34.089705,-117.632777,3.310173988,2077.945999,0.675907384,21,21,373,1,0
Spreading Methods,34.097915,-117.694958,7.195681095,2077.945999,0.713524808,21,21,381,1,0
Spreading Methods,34.034876,-117.613444,2.546386719,2077.945999,0.667436583,21,21,363,2,1
Spreading Methods,34.152802,-117.508836,3.979801416,2077.945999,1.393749929,18,18,366,1,0
Spreading Methods,34.09242,-117.510832,1.245731592,2077.945999,0.649166626,27,25,369,1,0
Spreading Methods,34.132022,-117.543524,1.49076128,2077.945999,0.649166626,27,21,373,1,0
Spreading Methods,34.143642,-117.492214,4.709258556,2077.945999,0.649166626,27,21,364,1,0
Spreading Methods,34.073858,-117.596712,2.874433756,2077.945999,0.675907384,18,21,366,1,0
Spreading Methods,34.129886,-117.50619,1.707033873,2077.945999,0.649166626,21,20,367,2,1
Spreading Methods,34.094449,-117.497383,3.898133039,2077.945999,0.649166626,21,21,372,2,1
Spreading Methods,34.031898,-117.500702,2.421130657,2077.945999,0.685298194,21,16,366,1,0
Spreading Methods,34.044332,-117.475568,1.143757343,2077.945999,0.685298194,21,17,382,1,0
Spreading Methods,34.016749,-117.63002,0.384345055,2077.945999,0.667436583,21,16,356,2,1
Spreading Methods,46.126103,-98.094266,1.001317859,1219.909554,0.27897781,21,21,535,1,0
Spreading Methods,46.126103,-98.094266,1.001317859,1219.909554,0.27897781,21,21,535,1,0
Spreading Methods,46.125,-98.093011,0.216407865,1219.909554,0.27897781,21,21,535,1,0
Spreading Methods,46.35318524,3.304569236,2.180629492,877.1280756,0.52701316,21,12,748,1,0
Spreading Methods,47.2303313,5.447404674,0.962629616,1019.894083,1.217616941,21,21,907,1,0
Spreading Methods,48.261,20.768,0.726036489,91.4019202,0.464911208,12,12,569,1,0
Spreading Methods,51.899,4.716,0.64759165,0,0.413605423,21,20,820,1,0
Spreading Methods,37.46,-3.92,2.3717134,1401.756058,0.413387142,21,18,528,1,0
Spreading Methods,42.57,-2.91,1.960080743,680.6890888,0.31236918,21,21,604,1,0
Spreading Methods,37.26,-5.98,1.475621104,632.6747398,0.503358435,21,15,540,1,0
Spreading Methods,59.195,17.625,3.773765802,796.8818493,0.265060398,21,21,533,1,0
Spreading Methods,33.837888,-117.863603,1.8710531,1999.478691,0.448357917,21,21,308,2,1
Spreading Methods,33.860794,-117.869659,0.483992457,1999.478691,0.492445595,21,21,310,1,0
Spreading Methods,33.834318,-117.865443,1.677938581,1999.478691,0.448357917,18,18,306,1,0
Spreading Methods,33.84118,-117.860583,1.483653545,1999.478691,0.448357917,12,15,308,2,1
Spreading Methods,33.848304,-117.841728,2.000584126,1999.478691,0.512063869,18,18,309,2,1
Spreading Methods,33.823354,-117.866196,2.306889772,1999.478691,0.448357917,21,21,302,1,0
Spreading Methods,33.866518,-117.843679,1.563421845,1999.478691,0.589980057,18,21,309,1,0
Spreading Methods,33.861014,-117.856654,1.310510635,1999.478691,0.492445595,21,18,310,2,1
Spreading Methods,33.78308,-117.832347,0.386935443,1999.478691,0.512063869,18,19,303,1,0
Spreading Methods,38.140566,114.512185,0.418847054,383.1912804,0.660941591,21,21,506,1,0
Spreading Methods,40.073906,109.80943,7.363586426,1779.114883,0.321284617,27,27,326,1,0
Spreading Methods,39.424167,140.568056,0.501083553,218.8345509,2.936061662,18,21,1461,1,0
Spreading Methods,38.243889,140.360278,1.153332353,132.2287817,3.600264241,21,21,1188,1,0
Spreading Methods,47.99288,14.378554,2.313365459,464.4468622,1.62215661,21,21,890,1,0
Spreading Methods,51.2,4.7167,0.688021004,0,0.140712855,33,33,780,1,0
Spreading Methods,50.79,2.17,1.812612176,0,0.647724853,24,23,715,1,0
Spreading Methods,48.693,9.118,4.922628403,822.0236588,0.601798874,21,21,759,1,0
Spreading Methods,43.120094,6.156057,0.499426842,504.6307249,0.741727689,18,12,644,1,0
Spreading Methods,46.052001,-118.468283,0.584306657,1729.323952,0.084765506,24,21,385,1,0
Spreading Methods,45.67428,11.51734,1.925978184,339.9189167,3.022977019,21,18,1101,1,0
Spreading Methods,-14.049871,-75.72967,0.167208269,1117.35775,0.030105318,18,18,55,1,0
Spreading Methods,41.08,-4.57,0.501896918,1199.393036,0.141495877,21,12,411,1,0
Spreading Methods,33.848565,-117.908087,0,1999.478691,0.448357917,18,15,309,1,0
Spreading Methods,33.864805,-117.856058,1.818633914,1999.478691,0.492445595,18,15,309,2,1
Spreading Methods,33.857704,-117.886221,0.370991439,1999.478691,0.492445595,21,21,307,1,0
Spreading Methods,25.464079,-80.474013,0.123665296,665.3135867,0.235920811,36,35,1270,1,0
Spreading Methods,31.968394,-106.424907,0.242456093,1509.733009,0.040995385,18,18,201,1,0
Spreading Methods,47.07446,-122.765124,3.707656622,0,1.810608378,21,21,1245,1,0
Spreading Methods,33.491674,-111.777168,0.261327267,1741.476715,0.111948104,19,21,250,1,0
Spreading Methods,33.526209,-112.285105,0.074176744,1979.137436,0.071881118,12,12,204,1,0
Spreading Methods,33.557785,-113.395037,0.118769534,2111.098648,0.05035404,18,18,150,1,0
Spreading Methods,32.418597,-111.206253,1.468225002,1962.218704,0.062707583,18,18,250,1,0
Spreading Methods,33.555862,-112.984259,0.94577235,1979.137436,0.067999346,24,24,174,1,0
Spreading Methods,33.759517,-112.425473,0.784824729,1979.137436,0.133375117,21,19,236,1,0
Spreading Methods,32.016369,-110.958278,2.575083971,1594.93737,0.073331684,12,12,290,1,0
Spreading Methods,33.226945,-111.500925,0.258714199,1741.476715,0.094344759,18,18,257,1,0
Spreading Methods,-43.879261,171.61935,0.527309835,121.3830056,0.542192658,18,12,752,1,0
Spreading Methods,34.447347,69.136431,1.012639046,686.401351,0.719887029,21,21,232,1,0
Spreading Methods,52.22696,6.886368,0.399037004,882.2718115,0.154245464,27,27,783,1,0
Spreading Methods,37.042,-7.915,0.741951168,791.9038029,0.664070985,21,12,510,1,0
Spreading Methods,41.47,1.96,3.963386059,1055.990734,0.420523948,21,21,574,1,0
Spreading Methods,43.38,2.02,4.898590565,1242.986866,0.837259487,18,12,844,1,0
Spreading Methods,37.3,-3.14,3.335109711,1401.756058,0.192154899,21,15,447,1,0
Spreading Methods,47.532,7.699,1.453472972,393.3622818,1.191111709,21,21,921,1,0
Spreading Methods,19.324525,-98.843104,3.664025784,1946.52124,3.324261512,12,12,950,4,0
Spreading Methods,40.377012,70.542695,0.34437266,523.7198396,0.028594653,21,21,220,1,0
Spreading Methods,-23.766975,133.892612,0.53704685,1558.128105,0.04950347,27,21,267,1,0
Spreading Methods,-7.78,-60.9,0.938012838,606.6388869,4.11669722,12,12,2381,1,0
Spreading Methods,-7.79,-60.92,3.258768559,606.6388869,4.11669722,12,3,2381,1,0
Spreading Methods,-7.77,-64.5,0.874540031,680.7714272,9.463606852,18,12,2309,1,0
Spreading Methods,-7.78,-63.6,0.373808533,614.5864038,10.74067752,18,12,2254,1,0
Spreading Methods,-32.7823009,-70.6865124,0.685685575,1553.613625,1.169361335,21,21,303,1,0
Spreading Methods,-33.45,-70.666667,1.04894495,1840.221329,0.60379387,27,27,437,1,0
Spreading Methods,30.38331,30.404489,0.608640909,2099.046967,0.00258611,27,27,29,1,0
Spreading Methods,22.4222222,31.62777777,0.542319417,1314.761635,8.70E-05,36,36,2,1,0
Spreading Methods,-21.902015,14.513527,0.974674344,1377.820663,0.00275082,27,27,40,1,0
Spreading Methods,-33.628087,18.449092,0.048315637,1989,0.057810263,18,18,477,1,0
Spreading Methods,-34.021103,22.805502,1.360750318,1930.5,0.075387549,18,18,584,1,0
Spreading Methods,39.918853,116.214405,0,1237.827614,0.815654536,21,21,529,1,0
Spreading Methods,41.713939,123.454993,0.719156504,1176.755276,2.335417287,21,21,668,1,0
Spreading Methods,41.618709,123.297754,0.061832942,1176.755276,2.199374614,21,21,660,1,0
Spreading Methods,41.828288,123.601173,0.741951764,1176.755276,2.503906582,21,21,671,2,1
Spreading Methods,42.147266,123.343543,0.912696958,1341.425529,2.37628506,21,21,608,2,1
Spreading Methods,46.940808,131.512327,0.153279811,148.4922407,0.76520971,12,12,563,1,0
Spreading Methods,46.937761,130.932933,0.219308391,565.5188885,0.586784967,12,12,557,1,0
Spreading Methods,47.365331,133.043657,0.444596976,202.8842115,1.138424773,21,21,632,1,0
Spreading Methods,47.588685,133.51825,0.045840226,202.8842115,1.040188438,21,21,645,1,0
Spreading Methods,38.476994,102.286657,0.450308889,954.0964432,0.027879049,27,27,154,1,0
Spreading Methods,37.909021,102.647167,1.123814702,1185.176147,0.04218499,21,21,203,1,0
Spreading Methods,37.585192,105.124609,0.419133067,2021.05719,0.058067362,21,24,184,1,0
Spreading Methods,40.073906,109.80943,7.363586426,1779.114883,0.321284617,27,27,326,1,0
Spreading Methods,36.999577,107.999626,8.327142715,1811.438904,0.492378991,21,21,458,1,0
Spreading Methods,34.186181,111.268567,12.02549458,1251.92495,0.71306738,21,21,626,2,1
Spreading Methods,29.282019,47.799633,0.36638245,670.9475479,0.039654447,27,27,133,1,0
Spreading Methods,50.097267,8.560689,0.404783845,384.5561996,0.312132743,21,21,645,1,0
Spreading Methods,34.2449,-119.154675,0.247329742,1133.816658,0.716535766,12,12,327,1,0
Spreading Methods,43.25581424,1.11824784,1.212262273,1461.127811,1.34633627,21,15,821,1,0
Spreading Methods,45.89872312,2.716676426,15.41210556,507.2684307,0.996123008,21,21,788,1,0
Spreading Methods,51.46,6.8,0.116926149,940.8503542,0.56303433,27,27,823,1,0
Spreading Methods,51.45192,7.627938,3.279418707,721.5736933,0.590208229,24,24,896,1,0
Spreading Methods,51.41527,7.53417,2.936154604,721.5736933,0.819580141,21,21,907,1,0
Spreading Methods,51.4157,7.5182,1.569725275,721.5736933,0.819580141,21,21,920,1,0
Spreading Methods,51.50182,7.893202,0.952645898,721.5736933,0.543370976,24,21,877,1,0
Spreading Methods,50.042,19.84,7.742233276,854.3137131,0.576327013,21,21,689,1,0
Spreading Methods,51.1045,17.058,0.761452138,1365.624855,0.433855701,21,23,582,1,0
Spreading Methods,57.66,14.995,0.030913532,465.1099153,0.134305713,21,21,605,1,0
Spreading Methods,59.323,16.45,3.788381577,532.1214881,0.385439421,21,21,569,1,0
Spreading Methods,58.995,16.205,0.067512318,675.8536425,0.110952672,21,21,566,1,0
Spreading Methods,59.309,14.109,0.224730328,324.9396892,0.215106018,21,21,680,1,0
Spreading Methods,59.437,15.974,0.254692793,373.0428438,0.304646046,12,12,569,1,0
Spreading Methods,47.5303,7.691765,2.192821503,393.3622818,1.191111709,21,21,921,1,0
Spreading Methods,29.068506,-110.954286,2.626050711,1171.500114,0.144596877,18,18,283,1,0
Spreading Methods,29.677871,31.236138,0,2266.926407,0.00144062,12,12,14,1,0
Spreading Methods,39.895632,116.526057,0.10112603,1237.827614,0.932083221,21,21,547,2,1
Spreading Methods,34.834083,113.784243,0.194912836,1234.38953,1.030678106,21,18,628,1,0
Spreading Methods,34.82362,113.705344,0.072397895,1234.38953,1.273769295,21,15,628,2,1
Spreading Methods,50.69744,5.753059,4.035152435,793.6790805,0.614271789,24,22,884,1,0
Spreading Methods,48.87968,2.142506,0.839959264,1151.477314,0.487448353,21,21,655,1,0
Spreading Methods,43.82889,1.296667,0.527309,1461.127811,0.526839881,18,12,713,1,0
Spreading Methods,43.89139,1.197222,2.69727397,1461.127811,0.564486106,21,18,690,1,0
Spreading Methods,43.85389,1.236389,2.696308136,1461.127811,0.564486106,21,15,693,1,0
Spreading Methods,51.509,6.702,0.750812411,940.8503542,0.587609958,21,27,804,1,0
Spreading Methods,51.73,7.204,1.761825085,721.5736933,0.158717589,27,27,801,1,0
Spreading Methods,49.129,9.165,1.979682684,668.2507672,0.614932407,21,21,753,1,0
Spreading Methods,51.428426,7.105129,0.278244376,721.5736933,0.774180873,21,21,900,1,0
Spreading Methods,46.937199,-122.610175,0.716810763,884.2673788,1.889831709,21,21,1214,1,0
Spreading Methods,33.771743,-116.922753,0.599553704,1812.297668,0.365259414,27,27,309,1,0
Spreading Methods,34.105117,-117.882746,0.09695109,2077.945999,0.74473518,21,21,374,1,0
Spreading Methods,34.153644,-117.836233,2.575247288,2077.945999,0.83295766,18,15,377,1,0
Spreading Methods,34.230428,-118.415493,1.661532164,1250.440651,0.669007004,21,21,325,2,1
Spreading Methods,34.122795,-117.983233,0.597510815,2077.945999,0.749210333,16,18,360,2,1
Spreading Methods,34.108788,-117.893487,1.276130676,2077.945999,0.74473518,21,21,371,1,0
Spreading Methods,34.123581,-118.081439,0.933571994,1250.440651,0.709919532,21,20,363,1,0
Spreading Methods,34.162916,-118.089032,1.83242178,1250.440651,1.105186579,18,18,376,1,0
Spreading Methods,34.118947,-117.832627,0.410783023,2077.945999,0.741018026,21,18,376,1,0
Spreading Methods,34.249909,-118.394929,0.527253687,1250.440651,0.669007004,19,24,322,1,0
Spreading Methods,34.098292,-117.932957,10.01458168,2077.945999,0.74473518,21,21,366,2,1
Spreading Methods,34.152551,-117.841742,3.763425589,2077.945999,0.83295766,21,14,373,1,0
Spreading Methods,34.121945,-117.745374,1.967035294,2077.945999,0.713524808,18,18,382,1,0
Spreading Methods,34.298245,-118.414121,1.646482348,1250.440651,0.512729342,20,18,318,1,0
Spreading Methods,34.256425,-118.448018,0.992053092,1250.440651,0.512729342,21,21,320,1,0
Spreading Methods,34.129229,-117.787097,0.623716652,2077.945999,0.741018026,18,18,379,1,0
Spreading Methods,34.15109,-117.914103,0.522999942,2077.945999,0.772117234,18,21,371,2,1
Spreading Methods,34.166973,-118.021551,9.60351944,1250.440651,1.001246732,18,18,375,1,0
Spreading Methods,34.120986,-117.954246,1.218290329,2077.945999,0.749210333,21,21,367,1,0
Spreading Methods,34.160229,-117.990874,2.939410686,2077.945999,1.001246732,21,17,375,1,0
Spreading Methods,34.049977,-118.009124,5.114153862,1250.440651,0.579327574,18,15,355,1,0
Spreading Methods,34.074118,-117.874651,4.283563614,2077.945999,0.74473518,21,18,368,1,0
Spreading Methods,34.165474,-118.040127,4.517648697,1250.440651,1.001246732,12,14,369,1,0
Spreading Methods,34.226479,-118.41479,2.927542686,1250.440651,0.669007004,21,21,327,1,0
Spreading Methods,37.883601,-97.481024,0.030918248,1040.888992,1.458916033,21,21,846,1,0
Spreading Methods,32.238059,-111.238615,0.242609039,1962.218704,0.051696055,12,16,249,1,0
Spreading Methods,40.711222,-73.559328,0.348938107,337.5411226,2.181375305,27,27,1069,1,0
Spreading Methods,45.95698,-118.439909,0.888762712,1184.378527,0.16243006,21,21,418,1,0
Spreading Methods,45.979755,-118.503538,0.233990088,1184.378527,0.108391619,21,21,384,1,0
Spreading Methods,46.001784,-118.474153,1.090147257,1729.323952,0.108391619,21,21,399,1,0
Spreading Methods,32.176115,-111.224246,0.404576868,1962.218704,0.051696055,12,14,255,1,0
Spreading Methods,44.51086704,2.00351198,1.84526968,539.5753593,1.722475645,18,12,910,1,0
Spreading Methods,43.77177108,1.293294114,0.916134179,1461.127811,0.526839881,21,21,694,1,0
Spreading Methods,51.458,7.63,1.679674387,721.5736933,0.590208229,24,24,884,1,0
Spreading Methods,25.55,-103.433333,0.154581442,814.9857445,0.038212105,18,18,252,1,0
Spreading Methods,32.375639,-116.622267,0.696189642,1010.347168,0.23908979,18,16,247,1,0
Spreading Methods,-5.87475,-35.1882,1.726656079,0,0.671751235,18,18,1104,1,0
Spreading Methods,-5.86292,-35.2098,0.683704853,0,0.671751235,18,18,1134,201,0
Spreading Methods,-5.883129,-35.17535,2.678257704,0,0.671751235,21,18,1107,1,0
Spreading Methods,-17.495,-48.2269,1.3671422,1067.75104,1.829181929,18,9,1294,1,0
Spreading Methods,-17.5019,-48.2269,2.039641857,1067.75104,1.829181929,18,15,1304,1,0
Spreading Methods,37.11278,-113.374061,0.679805577,1527.156296,0.083879877,12,12,223,1,0
Spreading Methods,36.623334,10.201305,2.195744276,1468.253265,0.145556228,18,12,457,1,0
Spreading Methods,36.66471,10.909284,0.820607662,1468.253265,0.133116472,21,19,513,1,0
Spreading Methods,38.012931,114.86523,0.061832942,383.1912804,0.678380721,21,21,488,1,0
Spreading Methods,36.980017,117.911602,0.278244972,1488.746044,0.937719,12,12,587,1,0
Spreading Methods,39.418056,140.559722,1.405852675,218.8345509,2.936061662,21,21,1463,1,0
Spreading Methods,39.416667,140.568056,0.658664227,218.8345509,2.936061662,21,18,1461,1,0
Spreading Methods,16.646433,99.999297,0.123664558,873.8158932,6.689006463,12,12,1373,1,0
Spreading Methods,16.646433,99.999297,0.123664558,873.8158932,6.689006463,12,12,1373,1,0
Spreading Methods,47.87689825,3.527624844,2.212440252,1088.873238,0.435089792,21,21,718,1,0
Spreading Methods,43.63602113,1.389836355,0.545129716,1461.127811,0.550985626,21,18,696,1,0
Spreading Methods,43.99756015,2.625504942,21.62985229,1242.986866,0.874138464,18,12,771,1,0
Spreading Methods,52.53,13.25,1.434711814,1186.857731,0.2791615,21,24,583,1,0
Spreading Methods,53.19352,23.19394,0.567616284,1120.342588,0.118555155,27,27,557,1,0
Spreading Methods,32.392221,-114.824874,0.143762514,2137.690384,0.031512739,12,12,69,1,0
Spreading Methods,51.01,13.85,1.259345055,1260.570492,0.638006608,21,21,664,1,0
Spreading Methods,51.364,6.929,2.75728941,940.8503542,0.660115517,24,21,864,1,0
"Well, Shaft and Borehole Recharge",26.389166,-81.7736111,0.241190985,883.5580592,0.18520546,35,35,1192,1,0
"Well, Shaft and Borehole Recharge",26.46339,-81.704603,0.39200902,883.5580592,0.299056549,33,33,1204,1,0
"Well, Shaft and Borehole Recharge",26.46339,-81.704603,0.39200902,883.5580592,0.299056549,33,33,1204,1,0
"Well, Shaft and Borehole Recharge",26.602222,-81.881388,0.115691908,883.5580592,0.254854267,36,36,1179,1,0
"Well, Shaft and Borehole Recharge",26.710555,-81.8386111,0.519131124,883.5580592,0.279791367,36,36,1191,1,0
"Well, Shaft and Borehole Recharge",26.72,-81.68222222,0.789876103,883.5580592,0.29542521,24,18,1205,1,0
"Well, Shaft and Borehole Recharge",26.046285,-81.689853,0.197852984,883.5580592,0.24165357,34,33,1167,1,0
"Well, Shaft and Borehole Recharge",27.078492,-81.118072,0.577236593,736.2285228,1.939203584,36,31,1147,1,0
"Well, Shaft and Borehole Recharge",26.711697,-81.557011,0.169371724,883.5580592,0.373322587,33,33,1206,1,0
"Well, Shaft and Borehole Recharge",47.497748,-121.788579,2.924376488,733.8500301,3.60678696,21,21,1467,1,0
"Well, Shaft and Borehole Recharge",47.677008,-122.10887,11.22659588,0,2.037756838,21,21,1205,1,0
"Well, Shaft and Borehole Recharge",36.872589,-76.20312,0.409644991,233.5946522,1.843606037,21,22,1148,1,0
"Well, Shaft and Borehole Recharge",37.309114,-76.644654,2.472497463,200.0407531,1.266257458,27,27,1131,1,0
"Well, Shaft and Borehole Recharge",33.256422,-111.89217,0.360209614,1741.476715,0.074423913,21,21,215,1,0
"Well, Shaft and Borehole Recharge",33.272986,-111.828048,0.18745923,1741.476715,0.075439121,21,21,220,1,0
"Well, Shaft and Borehole Recharge",33.606484,-111.72893,2.356432915,1741.476715,0.226241292,19,18,296,1,0
"Well, Shaft and Borehole Recharge",33.668322,-112.196979,0.219580695,1979.137436,0.105696359,21,21,230,1,0
"Well, Shaft and Borehole Recharge",33.466335,-112.081792,1.197364092,1979.137436,0.085512649,21,21,214,1,0
"Well, Shaft and Borehole Recharge",34.204259,-119.177432,0.190976605,1133.816658,0.716535766,12,12,328,1,0
"Well, Shaft and Borehole Recharge",34.455083,-119.733806,13.87014294,1133.816658,0.772503915,18,12,369,1,0
"Well, Shaft and Borehole Recharge",34.216016,-119.029333,1.654793739,1133.816658,0.671086025,18,15,314,1,0
"Well, Shaft and Borehole Recharge",37.663808,-121.878132,0.438795,1300.518845,0.426306847,21,21,398,1,0
"Well, Shaft and Borehole Recharge",37.685006,-121.764091,0.930694103,1300.518845,0.395790714,18,18,399,1,0
"Well, Shaft and Borehole Recharge",37.322411,-121.863073,0.280947089,1300.518845,0.784434332,21,21,469,1,0
"Well, Shaft and Borehole Recharge",34.529969,-117.296367,1.538253784,2077.945999,0.102980611,21,18,160,1,0
"Well, Shaft and Borehole Recharge",39.468491,-104.89332,3.302234888,1981.008499,0.179433751,21,21,393,201,0
"Well, Shaft and Borehole Recharge",28.389625,-80.940653,0.995962441,0,0.975792469,36,36,1189,1,0
"Well, Shaft and Borehole Recharge",43.576807,-116.283314,0.545665562,1456.080944,0.100867284,21,21,295,1,0
"Well, Shaft and Borehole Recharge",39.925997,-75.026402,0.65164119,171.701375,3.071257021,27,27,1096,1,0
"Well, Shaft and Borehole Recharge",39.852528,-74.879292,0.490914285,256.6340939,2.295031675,27,27,1081,1,0
"Well, Shaft and Borehole Recharge",39.604965,-74.88514,0.964946151,256.6340939,0.276494553,27,27,1051,1,0
"Well, Shaft and Borehole Recharge",40.317605,-74.360276,2.579554796,271.7095462,2.632095971,25,21,1083,1,0
"Well, Shaft and Borehole Recharge",36.244993,-115.110595,1.261466146,1940.272125,0.022682751,20,20,115,1,0
"Well, Shaft and Borehole Recharge",33.782414,-79.024041,0.311390221,425.7224436,3.732235622,27,21,1298,1,0
"Well, Shaft and Borehole Recharge",32.365499,-80.869252,1.669412255,436.8207521,0.308627051,27,27,1197,201,0
"Well, Shaft and Borehole Recharge",41.50756,-112.031203,1.674706817,1225.031929,0.540948505,21,21,380,1,0
"Well, Shaft and Borehole Recharge",39.851481,-74.954357,1.823894143,256.6340939,3.071257021,27,27,1108,1,0
"Well, Shaft and Borehole Recharge",40.424025,-74.218067,2.440132141,271.7095462,2.934447839,27,27,1089,1,0
"Well, Shaft and Borehole Recharge",39.944024,-74.901285,0.49585259,256.6340939,2.295031675,27,27,1096,1,0
"Well, Shaft and Borehole Recharge",39.66401,-74.95602,0.569841266,256.6340939,0.350758414,27,27,1067,1,0
"Well, Shaft and Borehole Recharge",39.837185,-75.189861,0.465479791,171.701375,3.198605913,27,27,1080,1,0
"Well, Shaft and Borehole Recharge",39.970395,-74.949786,0.222007483,256.6340939,3.218339512,27,27,1111,1,0
"Well, Shaft and Borehole Recharge",45.650079,-119.412243,0.506714225,1481.945076,0.039135654,21,21,277,1,0
"Well, Shaft and Borehole Recharge",38.447247,-122.7123,0.514098048,1323.491069,1.84854946,21,21,747,1,0
"Well, Shaft and Borehole Recharge",52,5,0.154581442,804.7011647,0.758181195,12,12,803,1,0
"Well, Shaft and Borehole Recharge",42.46,-8.09,5.395817757,364.1434867,1.61089805,27,27,1327,1,0
"Well, Shaft and Borehole Recharge",41.83,-4.95,0.198479474,1199.393036,0.165880345,18,16,449,1,0
"Well, Shaft and Borehole Recharge",47.493,7.591,1.140668511,393.3622818,1.769484237,21,21,900,1,0
"Well, Shaft and Borehole Recharge",50.738097,-2.058591,1.827250242,886.8234916,0.115081307,21,21,769,1,0
"Well, Shaft and Borehole Recharge",-34.8093112,138.6013319,0.401906163,1839.497482,0.121556864,18,18,473,1,0
"Well, Shaft and Borehole Recharge",-37.8263533,140.7788041,3.70677495,1080.078358,0.081257829,27,27,686,1,0
"Well, Shaft and Borehole Recharge",-34.856112,138.628719,1.76867342,1839.497482,0.08931685,21,18,536,1,0
"Well, Shaft and Borehole Recharge",-34.857654,138.638733,0.467531443,1839.497482,0.08931685,18,18,538,1,0
"Well, Shaft and Borehole Recharge",32.776973,-79.970003,0.300591528,2340,3.041214487,27,27,1209,1,0
"Well, Shaft and Borehole Recharge",40.728667,111.515349,0.040811826,896.3926392,0.387286434,21,21,339,1,0
"Well, Shaft and Borehole Recharge",40.785557,111.863823,0.123672813,896.3926392,0.353700147,21,21,342,1,0
"Well, Shaft and Borehole Recharge",34.186181,111.268567,12.02549458,1251.92495,0.71306738,21,21,626,2,1
"Well, Shaft and Borehole Recharge",29.070696,75.490966,0.154581442,2004.935577,0.438298313,15,12,399,1,0
"Well, Shaft and Borehole Recharge",29.102865,47.246907,0.187950015,670.9475479,0.03134141,36,36,126,1,0
"Well, Shaft and Borehole Recharge",29.282966,47.816369,0.754518151,670.9475479,0.039654447,18,18,133,1,0
"Well, Shaft and Borehole Recharge",12.753379,101.258063,1.329966545,760.6455841,3.552442345,18,16,1495,1,0
"Well, Shaft and Borehole Recharge",45.5214,-122.686471,4.281898022,924.0242987,1.477113846,21,21,1083,1,0
"Well, Shaft and Borehole Recharge",45.521281,-122.68166,4.634870052,924.0242987,1.477113846,21,21,1090,1,0
"Well, Shaft and Borehole Recharge",45.520576,-122.67799,5.99330759,924.0242987,1.477113846,21,21,1090,1,0
"Well, Shaft and Borehole Recharge",45.520505,-122.6777,5.880109787,924.0242987,1.477113846,21,21,1090,1,0
"Well, Shaft and Borehole Recharge",45.518028,-122.678194,6.626921177,924.0242987,1.477113846,21,21,1097,1,0
"Well, Shaft and Borehole Recharge",45.518723,-122.684149,1.289139748,924.0242987,1.477113846,21,21,1104,1,0
"Well, Shaft and Borehole Recharge",45.514848,-122.681874,4.593657017,924.0242987,1.477113846,21,21,1097,1,0
"Well, Shaft and Borehole Recharge",45.514848,-122.681874,4.593657017,924.0242987,1.477113846,21,21,1097,1,0
"Well, Shaft and Borehole Recharge",45.514848,-122.681874,4.593657017,924.0242987,1.477113846,21,21,1097,1,0
"Well, Shaft and Borehole Recharge",45.52921,-122.664035,4.514875889,924.0242987,1.477113846,21,21,1128,1,0
"Well, Shaft and Borehole Recharge",45.52921,-122.664035,4.514875889,924.0242987,1.477113846,21,21,1128,1,0
"Well, Shaft and Borehole Recharge",43.528501,-116.149497,3.45903635,1456.080944,0.165491462,21,21,312,1,0
"Well, Shaft and Borehole Recharge",45.629749,-122.663473,0.594007373,924.0242987,1.67574873,21,25,1214,1,0
"Well, Shaft and Borehole Recharge",45.630385,-122.670789,0.534117401,924.0242987,1.67574873,21,21,1199,1,0
"Well, Shaft and Borehole Recharge",45.693975,-122.677893,2.158582211,924.0242987,1.940917137,21,21,1274,1,0
"Well, Shaft and Borehole Recharge",47.227693,-122.485958,2.707828999,0,1.451964628,21,21,1103,2,1
"Well, Shaft and Borehole Recharge",47.163249,-122.514397,0.887389004,0,1.451964628,21,21,1114,1,0
"Well, Shaft and Borehole Recharge",47.961856,-122.221574,6.595341206,0,2.409024859,21,23,1196,1,0
"Well, Shaft and Borehole Recharge",47.237521,-122.432237,2.443800926,0,1.454830753,21,25,1043,1,0
"Well, Shaft and Borehole Recharge",51.912,5.402,0.712425053,804.7011647,0.876007086,27,27,792,1,0
"Well, Shaft and Borehole Recharge",27.155194,-80.874917,0.608452559,572.9556923,1.262705662,34,34,1141,1,0
"Well, Shaft and Borehole Recharge",27.21813,-80.960666,0.259628505,572.9556923,1.584042072,36,35,1132,1,0
"Well, Shaft and Borehole Recharge",-34.966084,138.619545,2.191761255,1839.497482,0.124077115,18,9,557,1,0
"Well, Shaft and Borehole Recharge",-34.710873,138.657301,0.745980918,1839.497482,0.13229068,18,15,452,1,0
"Well, Shaft and Borehole Recharge",-34.7473,138.581709,0.973877609,1839.497482,0.109403295,18,9,449,1,0
"Well, Shaft and Borehole Recharge",-34.7389355,138.6069616,0.439312458,1839.497482,0.109403295,18,15,456,1,0
"Well, Shaft and Borehole Recharge",-34.811716,138.642021,2.787645817,1839.497482,0.121556864,18,18,495,1,0
"Well, Shaft and Borehole Recharge",-34.7935429,138.6222026,0.092749074,1839.497482,0.121556864,18,9,470,1,0
"Well, Shaft and Borehole Recharge",-34.7935429,138.6222026,0.092749074,1839.497482,0.121556864,18,9,470,1,0
"Well, Shaft and Borehole Recharge",-34.7946624,138.5910467,0.549248338,1839.497482,0.121556864,18,18,461,1,0
"Well, Shaft and Borehole Recharge",-34.9161354,138.6094452,2.341634035,1839.497482,0.08931685,21,18,525,1,0
"Well, Shaft and Borehole Recharge",-34.675922,138.665145,0.419202924,1839.497482,0.13229068,18,9,442,1,0
"Well, Shaft and Borehole Recharge",-34.87985,138.66977,0.408385366,1839.497482,0.125904702,18,18,544,1,0
"Well, Shaft and Borehole Recharge",-34.884992,138.502979,0.452258945,1839.497482,0.045790005,18,18,469,1,0
"Well, Shaft and Borehole Recharge",-34.633665,138.715042,0.271804631,1839.497482,0.107747091,21,18,438,1,0
"Well, Shaft and Borehole Recharge",-34.717029,138.685288,2.852144957,1839.497482,0.13229068,18,18,482,1,0
"Well, Shaft and Borehole Recharge",-34.896456,138.5101,0.264443219,1839.497482,0.045790005,18,9,474,1,0
"Well, Shaft and Borehole Recharge",-34.858292,138.6271309,0.52930373,1839.497482,0.08931685,18,18,536,1,0
"Well, Shaft and Borehole Recharge",-34.799446,138.699468,4.152909279,1839.497482,0.108237856,21,18,554,200,0
"Well, Shaft and Borehole Recharge",-34.8035991,138.7293378,1.809366107,1839.497482,0.108237856,18,15,580,1,0
"Well, Shaft and Borehole Recharge",-34.810455,138.695693,1.082835674,1839.497482,0.108237856,18,18,553,1,0
"Well, Shaft and Borehole Recharge",-34.869602,138.693423,3.719392061,1839.497482,0.125904702,21,18,555,1,0
"Well, Shaft and Borehole Recharge",-34.8996161,138.5818388,0.234473363,1839.497482,0.08931685,18,18,505,1,0
"Well, Shaft and Borehole Recharge",-34.867525,138.532472,0.072409578,1839.497482,0.045790005,18,18,473,1,0
"Well, Shaft and Borehole Recharge",-34.66836,138.674906,0.492556334,1839.497482,0.13229068,18,15,443,1,0
"Well, Shaft and Borehole Recharge",-34.961318,138.6026621,0.629484653,1839.497482,0.124077115,21,18,534,1,0
"Well, Shaft and Borehole Recharge",-34.967399,138.616893,2.050795794,1839.497482,0.124077115,18,9,557,1,0
"Well, Shaft and Borehole Recharge",-34.9603666,138.640454,4.082494259,1839.497482,0.124077115,24,15,583,1,0
"Well, Shaft and Borehole Recharge",-22.317891,119.362449,3.041663885,1790.747704,0.332168834,18,18,318,1,0
"Well, Shaft and Borehole Recharge",51.17,6.44,0.840022564,940.8503542,0.466110044,27,27,767,1,0
"Well, Shaft and Borehole Recharge",25.739801,-80.461394,0.252702892,665.3135867,1.879864844,31,33,1337,1,0
"Well, Shaft and Borehole Recharge",26.065555,-81.69333333,0.878944516,883.5580592,0.198084066,34,35,1169,1,0
"Well, Shaft and Borehole Recharge",26.065555,-81.69333333,0.878944516,883.5580592,0.198084066,34,35,1169,1,0
"Well, Shaft and Borehole Recharge",26.065555,-81.69333333,0.878944516,883.5580592,0.198084066,34,35,1169,1,0
"Well, Shaft and Borehole Recharge",27.238903,-80.785901,0.288342386,572.9556923,0.456749351,36,36,1137,1,0
"Well, Shaft and Borehole Recharge",36.078198,-115.252769,1.137016177,1940.272125,0.030093616,27,27,130,1,0
"Well, Shaft and Borehole Recharge",29.126093,-98.404393,0.743825138,475.6311188,1.23460022,18,18,766,1,0
"Well, Shaft and Borehole Recharge",30.045765,-99.142412,4.836388111,469.4382305,0.997880738,12,15,736,1,0
"Well, Shaft and Borehole Recharge",31.940272,-106.364521,1.653911591,1509.733009,0.052677004,18,14,198,1,0
"Well, Shaft and Borehole Recharge",31.940272,-106.364521,1.653911591,1509.733009,0.052677004,18,14,198,1,0
"Well, Shaft and Borehole Recharge",46.599605,-120.526976,0.739093006,570.6835856,0.213818668,21,21,236,1,0
"Well, Shaft and Borehole Recharge",47.318059,-122.335041,1.045295835,0,1.522103312,21,23,1133,1,0
"Well, Shaft and Borehole Recharge",46.061742,-118.346772,0.496644676,1729.323952,0.187090211,21,21,465,1,0
"Well, Shaft and Borehole Recharge",39.54179,-104.95322,4.918030739,1981.008499,0.250763873,18,15,386,201,0
"Well, Shaft and Borehole Recharge",45.463481,-122.815834,4.138681412,924.0242987,1.406871084,21,21,1091,1,0
"Well, Shaft and Borehole Recharge",34.246567,-118.832248,4.596931934,1250.440651,0.665881208,15,12,360,1,0
"Well, Shaft and Borehole Recharge",26.973355,-81.935457,0.300259709,883.5580592,0.389314984,36,34,1176,1,0
"Well, Shaft and Borehole Recharge",33.218165,-111.869533,0.444523931,1741.476715,0.059664228,21,21,214,1,0
"Well, Shaft and Borehole Recharge",34.154787,-118.134041,0.434428513,1250.440651,1.105186579,21,21,378,1,0
"Well, Shaft and Borehole Recharge",38.805949,-121.335994,0.607983053,1364.272285,1.249930749,18,12,622,1,0
"Well, Shaft and Borehole Recharge",28.025659,-80.598938,0.116227672,0,0.302792771,36,36,1178,1,0
"Well, Shaft and Borehole Recharge",26.719166,-81.6811111,1.175166726,883.5580592,0.29542521,27,27,1207,1,0
"Well, Shaft and Borehole Recharge",41.729115,-93.610611,0.499025375,184.1720142,2.000816987,20,12,937,1,0
"Well, Shaft and Borehole Recharge",41.617577,-93.833096,1.375554085,184.1720142,1.710407071,21,18,899,1,0
"Well, Shaft and Borehole Recharge",41.520364,-93.787204,5.100526333,184.1720142,1.745889543,21,21,885,1,0
"Well, Shaft and Borehole Recharge",40.0572,-74.136903,0.654221892,271.7095462,2.183450098,27,27,1077,1,0
"Well, Shaft and Borehole Recharge",40.33223,-74.090884,2.101370096,271.7095462,2.535912925,27,27,1057,1,0
"Well, Shaft and Borehole Recharge",39.988363,-74.186073,0.44410193,256.6340939,0.498110972,27,27,1088,1,0
"Well, Shaft and Borehole Recharge",44.888739,-123.037606,1.292465091,630.6866014,1.271394455,21,21,1085,1,0
"Well, Shaft and Borehole Recharge",45.462151,-122.892836,6.435321331,924.0242987,1.50621519,21,21,1092,1,0
"Well, Shaft and Borehole Recharge",45.356024,-122.788146,1.823450089,924.0242987,1.419104954,21,21,1110,1,0
"Well, Shaft and Borehole Recharge",45.412624,-122.789759,4.661668301,924.0242987,1.419104954,21,23,1110,1,0
"Well, Shaft and Borehole Recharge",45.525001,-122.661117,1.544599414,924.0242987,1.477113846,21,21,1107,1,0
"Well, Shaft and Borehole Recharge",36.738493,-76.291915,0.332482994,233.5946522,3.298077247,21,19,1158,1,0
"Well, Shaft and Borehole Recharge",42.874693,-87.92191,1.85658288,127.9007173,0.801945518,21,21,829,1,0
"Well, Shaft and Borehole Recharge",33.489716,-80.874017,1.260980844,560.8461342,1.585407087,21,18,1116,1,0
"Well, Shaft and Borehole Recharge",34.12637,-117.682045,1.860333443,2077.945999,0.713524808,21,18,380,1,0
"Well, Shaft and Borehole Recharge",44.766666,-117.858341,9.54804039,852.0153639,0.980535993,21,21,312,1,0
"Well, Shaft and Borehole Recharge",44.919471,-123.338634,4.658874035,630.6866014,1.583759432,12,12,1304,1,0
"Well, Shaft and Borehole Recharge",45.361589,-122.582873,5.113282204,924.0242987,1.546594783,21,21,1167,1,0
"Well, Shaft and Borehole Recharge",39.142196,-74.825394,0.23063077,256.6340939,2.426152203,27,27,1028,1,0
"Well, Shaft and Borehole Recharge",-38.61037,177.9196,0.133834571,0,0.93256161,24,18,972,1,0
"Well, Shaft and Borehole Recharge",43.878,11.102,0.850578785,1005.565431,0.994883533,21,21,863,1,0
"Well, Shaft and Borehole Recharge",51.181,5.962,0.893535912,804.7011647,0.437849075,27,27,748,1,0
"Well, Shaft and Borehole Recharge",41.35,2.05,1.398196578,987.5375671,0.404735455,21,15,585,1,0
"Well, Shaft and Borehole Recharge",39.81,-0.21,0.93579334,1256.735199,0.278901683,18,12,437,1,0
"Well, Shaft and Borehole Recharge",37.79,-3.61,1.949247956,1401.756058,0.45731402,12,12,514,1,0
"Well, Shaft and Borehole Recharge",51.39471,0.243673,1.457443595,1116.875694,0.438191035,21,21,653,1,0
"Well, Shaft and Borehole Recharge",19.307335,-98.859231,5.80777359,1946.52124,2.958994763,12,12,962,1,0
"Well, Shaft and Borehole Recharge",-34.707798,138.650778,1.052729487,1839.497482,0.13229068,15,9,452,1,0
"Well, Shaft and Borehole Recharge",-34.731404,138.559448,1.015510321,1839.497482,0.109403295,18,9,442,1,0
"Well, Shaft and Borehole Recharge",-34.568604,138.7540464,1.286522031,1839.497482,0.103947242,15,9,432,1,0
"Well, Shaft and Borehole Recharge",-37.7794543,147.3707958,0.280981421,508.9036303,0.651021721,18,18,661,1,0
"Well, Shaft and Borehole Recharge",32.775841,-79.941536,1.606595397,2340,2.42334636,27,27,1210,1,0
"Well, Shaft and Borehole Recharge",-31.624083,21.216791,0.199190691,1500.420425,0.046679944,27,27,188,1,0
"Well, Shaft and Borehole Recharge",31.253066,121.523593,1.873222113,362.5392399,5.794982242,12,12,1135,1,0
"Well, Shaft and Borehole Recharge",39.053573,117.191555,0.092749074,1464.800835,1.313168826,21,21,552,1,0
"Well, Shaft and Borehole Recharge",46.78169,131.810963,0.237714961,148.4922407,0.679987763,12,12,560,1,0
"Well, Shaft and Borehole Recharge",45.786947,133.072354,0.152170822,172.9718482,1.113205266,12,12,618,1,0
"Well, Shaft and Borehole Recharge",45.733463,132.492276,0.131359428,192.3070335,0.91024141,12,12,579,1,0
"Well, Shaft and Borehole Recharge",39.925043,116.301297,0.174345464,1237.827614,0.763672297,21,21,534,1,0
"Well, Shaft and Borehole Recharge",31.224633,121.479031,2.095395803,362.5392399,4.422564671,18,12,1158,1,0
"Well, Shaft and Borehole Recharge",33.52459,36.296725,0.76477325,848.001152,0.023249655,21,21,208,1,0
"Well, Shaft and Borehole Recharge",33.511274,36.290802,3.119459391,848.001152,0.023249655,21,21,210,1,0
"Well, Shaft and Borehole Recharge",43.69291499,4.276675945,2.990028143,711.9630604,0.928195152,18,18,733,1,0
"Well, Shaft and Borehole Recharge",50.04,8.19,2.181233883,384.5561996,0.355809925,21,21,608,1,0
"Well, Shaft and Borehole Recharge",40.67,22.8,0.729489982,904.5615406,0.37709388,21,15,502,1,0
"Well, Shaft and Borehole Recharge",52,5,0.154581442,804.7011647,0.758181195,12,12,803,1,0
"Well, Shaft and Borehole Recharge",51.482,6.011,0.372867256,940.8503542,0.139945082,33,33,750,1,0
"Well, Shaft and Borehole Recharge",51.395,4.333,0.696179807,0,0.43428222,27,27,788,1,0
"Well, Shaft and Borehole Recharge",51.385,5.712,0.218786106,804.7011647,0.144247693,33,33,756,1,0
"Well, Shaft and Borehole Recharge",-42.830898,147.293093,4.096376419,807.9028645,0.228220094,24,18,577,1,0
"Well, Shaft and Borehole Recharge",52.276007,-106.70293,0.123672813,1230.31871,0.376804945,18,21,360,1,0
"Well, Shaft and Borehole Recharge",-31.464017,19.773245,1.694639325,1498.675354,0.035607416,18,18,191,1,0
"Well, Shaft and Borehole Recharge",28.976451,75.752161,0.142436698,1274.308273,0.520066594,21,21,443,1,0
"Well, Shaft and Borehole Recharge",28.811682,75.578256,1.19691205,1274.308273,0.099894702,14,14,402,1,0
"Well, Shaft and Borehole Recharge",28.696818,76.717358,0.410716206,1410.850534,0.7538448,21,15,583,1,0
"Well, Shaft and Borehole Recharge",29.276362,76.63632,0.061831761,1443.538476,0.802937801,21,15,615,1,0
"Well, Shaft and Borehole Recharge",29.276362,76.63632,0.061831761,1443.538476,0.802937801,21,15,615,1,0
"Well, Shaft and Borehole Recharge",29.068497,75.659481,0.214465976,2004.935577,0.545378871,19,18,434,1,0
"Well, Shaft and Borehole Recharge",29.533176,75.017002,0.265464932,2004.935577,0.264389225,21,15,372,1,0
"Well, Shaft and Borehole Recharge",-29.144444,-61.839694,0.046997447,1167.621822,2.279830916,20,12,985,1,0
"Well, Shaft and Borehole Recharge",46.963543,-117.460373,6.774140835,1240.43901,0.211063305,24,24,442,1,0
"Well, Shaft and Borehole Recharge",44.024614,-123.02081,2.022839546,630.6866014,1.73048834,21,21,1153,1,0
"Well, Shaft and Borehole Recharge",45.857228,-122.814742,1.774625897,924.0242987,2.656528682,21,21,1297,1,0
"Well, Shaft and Borehole Recharge",45.597531,-121.181414,4.753465176,651.6746601,0.426049423,21,21,471,1,0
"Well, Shaft and Borehole Recharge",33.659395,-111.892772,0.628214836,1741.476715,0.182312264,18,24,270,1,0
"Well, Shaft and Borehole Recharge",40.711222,-73.559328,0.348938107,337.5411226,2.181375305,27,27,1069,1,0
"Well, Shaft and Borehole Recharge",45.666479,-118.75714,3.918006897,1184.378527,0.149383394,21,21,404,1,0
"Well, Shaft and Borehole Recharge",40.68985,-111.834448,2.527047634,1413.715256,0.805013169,21,21,388,1,0
"Well, Shaft and Borehole Recharge",47.497631,-122.306685,5.484326363,0,1.385637594,21,23,1069,1,0
"Well, Shaft and Borehole Recharge",45.712723,-119.359432,0.830125213,1481.945076,0.039135654,21,21,263,1,0
"Well, Shaft and Borehole Recharge",-38.61044,177.9196,0.133834571,0,0.93256161,24,18,972,1,0
"Well, Shaft and Borehole Recharge",41.33,2.09,0.617819607,987.5375671,0.507413408,21,21,587,1,0
"Well, Shaft and Borehole Recharge",39.49,-4.96,5.349540234,1446.116379,0.543641359,21,12,531,1,0
"Well, Shaft and Borehole Recharge",-35.3001429,139.0649091,0.588661671,1376.801113,0.080375769,18,18,375,1,0
"Well, Shaft and Borehole Recharge",34.231632,108.954279,0.992068887,1157.061573,1.446142708,21,21,653,1,0
"Well, Shaft and Borehole Recharge",34.148276,108.87438,0.328848571,1157.061573,2.948151832,21,21,699,1,0
"Well, Shaft and Borehole Recharge",34.275475,108.815648,0.408809245,1157.061573,1.225952706,21,21,649,1,0
"Well, Shaft and Borehole Recharge",34.222643,108.955589,0.868821621,1157.061573,1.446142708,21,21,654,1,0
"Well, Shaft and Borehole Recharge",34.251779,108.993197,1.246198416,1157.061573,0.781616635,21,21,650,1,0
"Well, Shaft and Borehole Recharge",34.226901,108.984051,2.686434984,1157.061573,1.446142708,21,21,655,1,0
"Well, Shaft and Borehole Recharge",37.039041,118.479667,0.145922959,1994.58577,0.949547209,21,21,600,1,0
"Well, Shaft and Borehole Recharge",31.242089,121.458065,2.421819925,362.5392399,4.422564671,17,13,1152,1,0
"Well, Shaft and Borehole Recharge",31.224633,121.479031,2.095395803,362.5392399,4.422564671,18,12,1158,1,0
"Well, Shaft and Borehole Recharge",31.241862,121.458563,0.783930063,362.5392399,4.422564671,20,20,1155,1,0
"Well, Shaft and Borehole Recharge",29.880411,47.72133,0.510375023,670.9475479,0.014022868,27,27,132,1,0
"Well, Shaft and Borehole Recharge",43.401755,-80.531282,3.906327248,510.4078174,0.21682314,21,23,886,1,0
"Well, Shaft and Borehole Recharge",40.419288,-3.829101,1.686669946,742.3957882,0.187340165,18,12,437,1,0
"Well, Shaft and Borehole Recharge",40.526561,-3.72626,3.637884617,742.3957882,0.213959968,18,12,449,1,0
"Well, Shaft and Borehole Recharge",40.53334,-3.696148,1.601815701,742.3957882,0.213959968,18,12,444,1,0
"Well, Shaft and Borehole Recharge",-34.781838,138.717997,0.278243214,1839.497482,0.108237856,21,18,564,1,0
"Well, Shaft and Borehole Recharge",-34.82274,138.686308,1.858647585,1839.497482,0.108237856,21,18,545,1,0
"Well, Shaft and Borehole Recharge",-34.774361,138.729286,1.672858715,1839.497482,0.108237856,21,9,558,1,0
Induced Bank Filtration,39.476635,-87.418028,1.739988804,266.5095425,2.27502328,15,14,1072,1,0
Induced Bank Filtration,39.189814,-94.670103,5.727899551,384.1883335,2.064015759,24,13,1000,1,0
Induced Bank Filtration,39.318151,-84.620627,1.715255737,208.039464,1.867139346,19,12,1079,1,0
Induced Bank Filtration,41.056019,-96.321379,0.513480842,579.2070313,1.543316614,21,21,817,1,0
Induced Bank Filtration,38.35937,-85.62856,0.400401503,427.3466072,2.111397368,15,12,1169,1,0
Induced Bank Filtration,38.51045,-122.88234,8.968523026,1323.491069,1.812425399,21,21,826,1,0
Induced Bank Filtration,51.444839,6.716645,0,940.8503542,0.570205921,21,25,813,1,0
Induced Bank Filtration,51.89,5.435,0.302144259,804.7011647,0.876007086,23,27,795,1,0
Induced Bank Filtration,52.107,6.235,0.061832648,882.2718115,0.232553613,24,18,770,1,0
Induced Bank Filtration,54.711,20.506,3.29779315,0,0.407829752,19,18,710,1,0
Induced Bank Filtration,47.693,8.63,6.983381748,398.0706385,0.766358297,21,21,851,1,0
Induced Bank Filtration,48.12,16.94,4.278798103,1423.450348,0.257169778,18,12,654,1,0
Induced Bank Filtration,50.216359,14.755827,0.07846728,898.9419413,0.361432506,21,25,544,1,0
Induced Bank Filtration,52.58,13.17,0.311467201,1186.857731,0.293335638,33,33,584,1,0
Induced Bank Filtration,52.52,13.22,1.073241591,1186.857731,0.30298535,27,27,595,1,0
Induced Bank Filtration,48.844,9.151,5.943849087,822.0236588,0.558468431,21,21,737,1,0
Induced Bank Filtration,50.01,8.264,0.654831707,384.5561996,0.348383679,21,21,610,1,0
Induced Bank Filtration,38.008083,-97.519249,0.715362608,491.3755569,1.428203307,21,18,831,1,0
Induced Bank Filtration,56.95471,24.10538,3.336662531,0,0.12535543,18,18,621,1,0
Induced Bank Filtration,51.827,4.822,0.15006879,0,0.446339906,21,24,807,1,0
Induced Bank Filtration,51.97304,5.18486,0.235778973,804.7011647,0.801691216,12,12,789,1,0
Induced Bank Filtration,51.902,4.684,0.626370847,0,0.413605423,21,24,822,1,0
Induced Bank Filtration,51.081,5.823,0.549752951,804.7011647,0.42031276,27,27,739,1,0
Induced Bank Filtration,43.7272,20.6868,0.800103307,124.8168447,0.474064145,21,21,674,1,0
Induced Bank Filtration,48.0611,17.25248,0.046261169,1414.869125,0.312494728,21,21,608,1,0
Induced Bank Filtration,48.06225,17.14485,0.284731537,1414.869125,0.30151965,21,25,610,1,0
Induced Bank Filtration,48.03218,17.31445,0.44493258,1414.869125,0.337422273,21,21,608,1,0
Induced Bank Filtration,46.5567,15.646,4.958857059,282.1627793,1.333011926,21,21,920,1,0
Induced Bank Filtration,41.42,2.01,1.66710937,987.5375671,0.404735455,21,15,576,1,0
Induced Bank Filtration,45.797,4.905,0.774132729,675.9843054,1.971136581,21,21,873,1,0
Induced Bank Filtration,50.557343,2.94616,0.65594846,0,0.385523615,21,23,714,1,0
Induced Bank Filtration,48.98010354,1.973342996,2.642219782,1220.961683,0.458331432,21,21,654,1,0
Induced Bank Filtration,51.468,7.72,0.193548307,721.5736933,0.561050059,24,23,886,1,0
Induced Bank Filtration,51.426,6.874,5.753607273,940.8503542,0.660115517,25,27,840,1,0
Induced Bank Filtration,53.47,13.929,2.108122587,1038.307701,0.231682109,27,27,545,1,0
Induced Bank Filtration,51.46,7.63,0.250017911,721.5736933,0.590208229,24,24,884,1,0
Induced Bank Filtration,50.8,7.207,0.473040193,659.9115334,0.56634838,27,27,820,1,0
Induced Bank Filtration,51.554,13,0.865141571,1260.570492,0.37289054,27,27,581,1,0
Induced Bank Filtration,50.822,6.993,0.977303922,812.1803741,0.490574307,21,21,750,1,0
Induced Bank Filtration,51.5,7.89,1.103343964,721.5736933,0.543370976,24,22,878,1,0
Induced Bank Filtration,47.29413,18.94318,0.076817729,1292.14901,0.258410608,27,27,563,1,0
Induced Bank Filtration,47.738,19.092,0.923454165,1201.485867,0.280364922,18,12,567,1,0
Induced Bank Filtration,52.22696,6.893921,0.576297045,882.2718115,0.154245464,27,27,786,1,0
Induced Bank Filtration,47.69636,17.64816,0.544564962,1059.484026,0.267925709,21,23,583,1,0
Induced Bank Filtration,47.75271,18.06084,3.41350174,1292.14901,0.269936805,21,23,576,2,1
Induced Bank Filtration,51.7627,5.2955,0.058745462,804.7011647,0.796601792,27,27,784,1,0
Induced Bank Filtration,51.936,4.775,0.05890926,0,0.347427796,21,23,820,1,0
Induced Bank Filtration,51.925,4.784,0.374498785,0,0.347427796,21,24,821,1,0
Induced Bank Filtration,51.948,5.233,0.516583145,804.7011647,0.746286902,21,21,789,1,0
Induced Bank Filtration,52.01511,6.134491,0.620802522,882.2718115,0.677309496,27,27,777,1,0
Induced Bank Filtration,51.872,5.608,0.753593743,804.7011647,0.860744751,27,27,789,1,0
Induced Bank Filtration,51.88126,5.288029,0.117715552,804.7011647,0.798206017,27,27,790,1,0
Induced Bank Filtration,51.86178,4.641638,0.790561676,0,0.502059137,21,21,822,1,0
Induced Bank Filtration,51.82423,4.683201,0.661441445,0,0.477348449,18,27,812,1,0
Induced Bank Filtration,51.78053,4.617949,0.35116455,0,0.551194949,21,27,811,1,0
Induced Bank Filtration,51.932,4.878,0,0,0.336675382,27,24,811,1,0
Induced Bank Filtration,51.896,4.642,1.499423742,0,0.502059137,21,27,825,1,0
Induced Bank Filtration,51.92437,5.8461,0.300787151,804.7011647,0.870839579,27,27,791,1,0
Induced Bank Filtration,51.957,5.036,0.351171345,804.7011647,0.758181195,18,18,800,1,0
Induced Bank Filtration,51.885,4.663,0.162487969,0,0.413605423,21,21,819,1,0
Induced Bank Filtration,51.847,5.855,1.735473156,804.7011647,0.659136807,27,27,786,1,0
Induced Bank Filtration,51.8188,4.665756,1.840600491,0,0.477348449,18,27,815,2,1
Induced Bank Filtration,51.97388,5.534663,0.934146702,804.7011647,0.708333797,21,25,810,1,0
Induced Bank Filtration,52,5,0.154581442,804.7011647,0.758181195,12,12,803,1,0
Induced Bank Filtration,51.88,4.6,0.13342163,0,0.502059137,21,25,829,1,0
Induced Bank Filtration,51.948,4.854,2.029603481,0,0.336675382,21,25,817,1,0
Induced Bank Filtration,52.68,6.009,0.502334118,882.2718115,0.329470885,27,27,789,1,0
Induced Bank Filtration,51.825,4.773,0.136421397,0,0.446339906,23,27,812,1,0
Induced Bank Filtration,51.829,5.249,0.061832793,804.7011647,0.762947539,27,27,784,1,0
Induced Bank Filtration,51.82,4.659,1.48945272,0,0.477348449,27,27,813,1,0
Induced Bank Filtration,52.499,6.072,0.663060963,882.2718115,0.474154341,27,27,789,1,0
Induced Bank Filtration,52.21203,16.94246,2.038632631,903.521843,0.157169206,27,27,543,1,0
Induced Bank Filtration,52.2238,21.0623,0.709239542,980.1066742,0.398372375,21,23,545,1,0
Induced Bank Filtration,52.23,21.01,2.33762145,980.1066742,0.267169323,27,27,564,1,0
Induced Bank Filtration,46.59933,26.90449,0.227090567,698.8140945,0.561307825,21,21,517,1,0
Induced Bank Filtration,46.7475,23.4908,0.401154727,868.4120522,0.655519965,18,12,627,1,0
Induced Bank Filtration,47.1569,27.5903,1.08866322,1313.779556,0.337753991,21,21,505,1,0
Induced Bank Filtration,44.84321,20.45654,0.302640885,765.1582794,0.339433497,18,18,640,1,0
Induced Bank Filtration,47.89,17.57,0.123665735,1059.484026,0.285988953,21,21,584,1,0
Induced Bank Filtration,47.468,8.758,1.621858835,398.0706385,0.994972014,21,21,991,1,0
Induced Bank Filtration,47.401,8.48,1.254770756,398.0706385,0.998617874,21,21,994,1,0
Induced Bank Filtration,53.19287,-1.678162,2.716683865,724.0400147,0.940454591,21,21,832,1,0
Induced Bank Filtration,51.52498,-1.131592,1.909924388,1007.441901,0.361377235,21,15,646,1,0
Induced Bank Filtration,55.87261,-4.252396,8.321466446,2457,0.351886559,27,27,1220,1,0
Induced Bank Filtration,-27.42058,-49.648521,3.988445044,760.2301178,2.630984558,12,3,1526,1,0
Induced Bank Filtration,-27.41336,-49.6054,3.892128944,760.2301178,2.630984558,12,12,1457,1,0
Induced Bank Filtration,26.967987,31.389553,1.426595926,2094.399628,0.000347008,18,12,1,1,0
Induced Bank Filtration,29.389253,79.456136,5.230243206,608.4584608,14.2578901,12,12,1824,2,1
Induced Bank Filtration,20.942633,77.489684,1.004951,1220.482838,1.972027554,3,3,856,1,0
Induced Bank Filtration,47.111,15.426,1.466115236,361.6694598,0.565757917,21,21,780,1,0
Induced Bank Filtration,47.269,11.404,0.459787756,251.4564629,10.05897531,21,21,851,1,0
Induced Bank Filtration,47.257,11.344,0.663431644,251.4564629,9.272427928,21,21,844,1,0
Induced Bank Filtration,48.307,14.286,5.047888279,769.2161245,1.023934566,21,21,720,2,1
Induced Bank Filtration,48.236,16.415,2.268718958,1423.450348,0.27923959,21,21,605,1,0
Induced Bank Filtration,50.17,14.73,1.108736992,898.9419413,0.318196398,21,21,544,1,0
Induced Bank Filtration,48.98248,1.860166,0.154581442,1220.961683,0.439447777,21,21,647,1,0
Induced Bank Filtration,44.582,2.082,0.531137645,539.5753593,1.701595481,21,12,857,1,0
Induced Bank Filtration,47.32335,5.969782,2.416113615,1019.894083,2.564819142,21,12,1011,1,0
Induced Bank Filtration,45.7684,4.8356,5.02393961,675.9843054,1.716180902,21,18,854,1,0
Induced Bank Filtration,52.45,13.5,0.766506314,1186.857731,0.292174293,27,27,577,1,0
Induced Bank Filtration,52.45,13.143,0.924351215,1186.857731,0.351535123,27,27,575,1,0
Induced Bank Filtration,52.47,13.53,0,1186.857731,0.27458311,27,27,585,1,0
Induced Bank Filtration,51.41,7.24,1.240427494,721.5736933,0.777254317,24,22,933,1,0
Induced Bank Filtration,49.937,8.325,1.125892878,646.3351517,0.313363683,21,21,600,1,0
Induced Bank Filtration,52.326,12.461,1.256160498,1148.339268,0.276373965,33,33,570,1,0
Induced Bank Filtration,51.034,13.824,0.406525433,1260.570492,0.628833372,21,21,665,1,0
Induced Bank Filtration,51.486,6.667,1.43850255,940.8503542,0.587609958,27,27,803,1,0
Induced Bank Filtration,51.369,6.688,1.683252096,940.8503542,0.570205921,25,27,817,1,0
Induced Bank Filtration,51.297,6.738,1.314052224,940.8503542,0.664020284,27,27,820,1,0
Induced Bank Filtration,51.55,6.69,1.522892833,940.8503542,0.587609958,21,27,793,1,0
Induced Bank Filtration,51.295,6.73,0.838514447,940.8503542,0.664020284,21,27,814,1,0
Induced Bank Filtration,51.43,7.06,1.038708687,721.5736933,0.774180873,22,21,869,1,0
Induced Bank Filtration,51.156,14.986,0.81725657,1150.96143,0.420621661,21,21,656,1,0
Induced Bank Filtration,51.254,12.918,0.770325541,1196.593315,0.442016224,24,22,642,1,0
Induced Bank Filtration,49.795,8.355,0.211043999,646.3351517,0.376541178,21,21,591,1,0
Induced Bank Filtration,51.17,7.051,6.625915527,721.5736933,0.884629508,21,21,1023,1,0
Induced Bank Filtration,50.34,7.59,2.176275969,659.9115334,0.611064114,21,21,647,1,0
Induced Bank Filtration,51.02,6.87,0.519838452,940.8503542,0.558548183,27,27,799,1,0
Induced Bank Filtration,51.044,6.987,0.750460804,940.8503542,0.68908704,21,21,863,1,0
Induced Bank Filtration,51.868,13.932,0.235375762,1260.570492,0.25918165,29,31,573,1,0
Induced Bank Filtration,51.149,13.485,5.924151897,1260.570492,0.513495981,21,21,645,1,0
Induced Bank Filtration,45.857228,-122.814742,1.774625897,924.0242987,2.656528682,21,21,1297,1,0
Induced Bank Filtration,51.670883,-0.398229,0.891899109,1144.975782,0.329164679,21,21,648,1,0
Induced Bank Filtration,11.051604,108.312653,0.647370338,638.7895341,0.593280745,18,18,1124,2,1
Induced Bank Filtration,51.424,7.04,3.863763571,721.5736933,0.729493264,21,21,920,1,0
Induced Bank Filtration,46.18,6.15,7.588569641,582.4235229,1.954367319,21,21,1041,1,0
Induced Bank Filtration,9.135663889,-83.06382778,16.79232788,201.0303686,16.71277035,12,12,2972,1,0
Induced Bank Filtration,48.174,16.5,2.779968977,1423.450348,0.274892878,21,21,613,1,0